date,symbol,open,high,low,close,volume,values
2019-01-02,2330,226.50,226.50,219.00,219.50,32900482.00,7276419230.00
2019-01-03,2330,214.00,218.00,214.00,215.50,34615620.00,7459051790.00
2019-01-04,2330,211.50,211.50,206.50,208.00,67043521.00,13987136785.00
2019-01-07,2330,212.00,214.00,211.00,213.00,35695176.00,7591116569.00
2019-01-08,2330,212.00,212.50,210.00,211.00,23794481.00,5019703557.00
2019-01-09,2330,212.00,216.50,211.00,215.50,51255446.00,11006827093.00
2019-01-10,2330,216.00,216.50,214.50,216.00,20832593.00,4491377349.00
2019-01-11,2330,219.00,220.50,218.00,220.50,28658288.00,6296719320.00
2019-01-14,2330,218.50,220.00,217.00,218.50,17612296.00,3844735324.00
2019-01-15,2330,216.50,221.00,215.50,221.00,42990923.00,9399209983.00
2019-01-16,2330,218.50,220.00,217.50,217.50,30038282.00,6563789758.00
2019-01-17,2330,218.00,221.00,218.00,220.50,21163986.00,4646131841.00
2019-01-18,2330,219.00,220.00,217.50,218.50,52677569.00,11530053787.00
2019-01-21,2330,220.00,223.00,220.00,221.00,32515866.00,7208829658.00
2019-01-22,2330,220.00,223.00,219.00,223.00,30958483.00,6854867566.00
2019-01-23,2330,221.50,222.00,220.00,220.50,18671213.00,4121110926.00
2019-01-24,2330,222.50,222.50,220.50,222.50,31348924.00,6958753608.00
2019-01-25,2330,226.50,227.00,225.00,226.00,48039764.00,10870045150.00
2019-01-28,2330,229.50,229.50,228.00,229.00,29134257.00,6665379096.00
2019-01-29,2330,222.50,225.00,222.00,222.50,42566520.00,9486156460.00
2019-01-30,2330,220.50,221.50,220.00,221.00,51889945.00,11453957730.00
2019-02-11,2330,228.00,229.00,226.50,228.00,81360106.00,18546167132.00
2019-02-12,2330,230.00,230.00,229.00,230.00,30125670.00,6921488930.00
2019-02-13,2330,232.00,232.00,228.50,229.00,28634925.00,6575201825.00
2019-02-14,2330,229.50,230.00,226.00,227.00,23647751.00,5392943977.00
2019-02-15,2330,229.00,229.00,226.50,227.00,22369799.00,5093773373.00
2019-02-18,2330,229.00,230.50,228.50,230.00,18163916.00,4169729625.00
2019-02-19,2330,230.00,230.50,229.00,229.00,18423023.00,4228108427.00
2019-02-20,2330,231.50,234.50,231.00,234.50,31887710.00,7430197670.00
2019-02-21,2330,235.50,236.50,234.50,236.50,34013489.00,8013908284.00
2019-02-22,2330,235.50,236.50,234.00,236.50,22032163.00,5187054985.00
2019-02-25,2330,237.50,239.00,236.00,238.00,25227138.00,5995746054.00
2019-02-26,2330,239.00,240.00,236.50,239.50,24586789.00,5864298571.00
2019-02-27,2330,238.50,239.50,237.00,239.00,37947889.00,9052540803.00
2019-03-04,2330,239.50,239.50,234.50,235.50,45164513.00,10691130829.00
2019-03-05,2330,234.00,234.50,232.50,233.00,23708407.00,5533050748.00
2019-03-06,2330,235.00,235.50,233.50,234.00,20811226.00,4872352124.00
2019-03-07,2330,235.00,235.00,233.00,234.00,17226192.00,4029782428.00
2019-03-08,2330,231.00,231.50,229.00,230.00,22535659.00,5183171608.00
2019-03-11,2330,228.00,230.50,227.50,230.50,34282793.00,7835079913.00
2019-03-12,2330,233.00,237.00,232.50,235.50,23839972.00,5601351324.00
2019-03-13,2330,234.00,237.00,234.00,237.00,22493195.00,5308051755.00
2019-03-14,2330,239.00,239.00,234.00,234.50,17281356.00,4077045380.00
2019-03-15,2330,237.00,239.50,235.50,239.00,34542729.00,8231572752.00
2019-03-18,2330,239.50,241.00,239.00,241.00,27040532.00,6493129050.00
2019-03-19,2330,239.00,240.50,238.00,240.50,14620009.00,3496720720.00
2019-03-20,2330,242.00,242.00,239.50,242.00,23055971.00,5563557011.00
2019-03-21,2330,242.50,245.50,241.00,245.50,27514502.00,6710510004.00
2019-03-22,2330,248.00,248.50,244.50,248.50,22996467.00,5680726299.00
2019-03-25,2330,240.50,243.50,240.50,241.50,19273254.00,4662705968.00
2019-03-26,2330,243.00,244.00,241.00,244.00,21053170.00,5109273236.00
2019-03-27,2330,242.00,242.50,240.50,241.50,23622089.00,5703467700.00
2019-03-28,2330,240.50,242.50,240.00,242.00,13998054.00,3379510718.00
2019-03-29,2330,243.00,245.50,240.50,245.50,31024810.00,7568601014.00
2019-04-01,2330,251.00,251.00,245.00,245.50,35330656.00,8758161220.00
2019-04-02,2330,249.50,249.50,246.00,246.00,25189053.00,6226523038.00
2019-04-03,2330,249.00,249.00,246.50,246.50,28581323.00,7075597562.00
2019-04-08,2330,251.00,253.00,250.50,253.00,46426821.00,11682512762.00
2019-04-09,2330,253.00,254.00,252.00,254.00,22745674.00,5760337782.00
2019-04-10,2330,253.00,254.50,252.00,254.00,33174934.00,8403528302.00
2019-04-11,2330,253.00,254.00,251.50,252.00,25146840.00,6347861680.00
2019-04-12,2330,251.50,253.00,251.00,252.00,13888148.00,3496444666.00
2019-04-15,2330,255.00,256.00,254.00,255.50,17257002.00,4403988510.00
2019-04-16,2330,257.00,257.00,255.50,257.00,20231648.00,5185697928.00
2019-04-17,2330,260.00,263.00,259.50,261.50,39037191.00,10202504410.00
2019-04-18,2330,264.00,266.00,263.50,264.50,48525490.00,12836006732.00
2019-04-19,2330,269.00,269.50,263.50,264.50,47698699.00,12712409558.00
2019-04-22,2330,266.50,267.50,265.00,266.00,24967393.00,6635995145.00
2019-04-23,2330,266.50,268.00,266.00,268.00,26251847.00,7017363629.00
2019-04-24,2330,270.00,270.00,267.50,269.00,37386755.00,10044241090.00
2019-04-25,2330,268.50,269.00,267.00,267.50,36572455.00,9800038536.00
2019-04-26,2330,262.00,263.00,257.50,260.00,51743804.00,13459329059.00
2019-04-29,2330,260.00,262.00,258.50,259.50,32651618.00,8477117257.00
2019-04-30,2330,260.00,260.50,258.00,259.00,40446419.00,10484399861.00
2019-05-02,2330,261.50,262.50,258.50,259.00,27376394.00,7122135656.00
2019-05-03,2330,262.00,265.00,260.50,265.00,30200246.00,7940572444.00
2019-05-06,2330,260.00,260.00,258.00,259.00,33688187.00,8717053470.00
2019-05-07,2330,259.50,263.00,259.00,262.50,25686126.00,6719199455.00
2019-05-08,2330,260.00,261.50,259.50,260.00,25902364.00,6750083504.00
2019-05-09,2330,259.50,259.50,256.00,256.50,34166574.00,8798140796.00
2019-05-10,2330,257.00,259.00,255.00,256.00,18868212.00,4844594484.00
2019-05-13,2330,253.00,254.00,249.50,250.50,29317535.00,7374249589.00
2019-05-14,2330,247.50,251.00,245.00,248.50,45620708.00,11345067455.00
2019-05-15,2330,251.00,252.00,249.00,249.00,37223479.00,9327051888.00
2019-05-16,2330,248.50,249.50,246.00,247.00,30331519.00,7520908612.00
2019-05-17,2330,249.00,249.00,241.50,241.50,40006856.00,9775372898.00
2019-05-20,2330,242.50,243.00,238.00,238.00,47097661.00,11303513908.00
2019-05-21,2330,233.50,236.00,232.50,234.00,82872775.00,19418705158.00
2019-05-22,2330,236.50,240.50,235.50,238.00,36289034.00,8669172710.00
2019-05-23,2330,233.50,233.50,230.00,230.00,62258627.00,14379543985.00
2019-05-24,2330,230.00,234.00,230.00,233.00,38226789.00,8866253632.00
2019-05-27,2330,234.00,235.00,231.00,231.00,37447033.00,8697538216.00
2019-05-28,2330,232.00,232.00,230.50,230.50,99322033.00,22910765567.00
2019-05-29,2330,228.00,230.50,227.00,229.50,32260236.00,7385029780.00
2019-05-30,2330,230.00,231.50,229.00,231.00,40375328.00,9292745636.00
2019-05-31,2330,232.00,237.50,231.00,235.50,49163217.00,11559578381.00
2019-06-03,2330,235.50,238.50,232.00,238.00,36687092.00,8651389851.00
2019-06-04,2330,237.50,238.00,233.00,233.00,24443428.00,5745045809.00
2019-06-05,2330,238.00,238.00,234.00,235.00,35901584.00,8461930934.00
2019-06-06,2330,231.50,232.00,229.50,232.00,34651731.00,8008768323.00
2019-06-10,2330,237.50,240.00,234.50,240.00,35521888.00,8442986620.00
2019-06-11,2330,240.00,246.00,239.00,244.50,34691670.00,8448805962.00
2019-06-12,2330,244.50,247.50,243.00,246.00,30409556.00,7469805086.00
2019-06-13,2330,242.50,244.00,240.00,240.00,33731724.00,8136137708.00
2019-06-14,2330,238.50,239.50,236.00,236.00,35403556.00,8396819832.00
2019-06-17,2330,231.50,235.00,230.50,233.00,51692012.00,12043369475.00
2019-06-18,2330,234.00,235.50,233.00,235.50,28798087.00,6758454612.00
2019-06-19,2330,242.50,244.00,240.50,244.00,50234372.00,12181979568.00
2019-06-20,2330,242.00,245.50,241.00,245.00,39717291.00,9697726719.00
2019-06-21,2330,248.00,248.50,246.00,248.50,62136304.00,15398139830.00
2019-06-24,2330,241.00,242.00,240.00,241.00,43460507.00,10476936660.00
2019-06-25,2330,241.00,241.50,237.00,238.50,29735283.00,7118002390.00
2019-06-26,2330,235.00,236.50,234.00,234.50,28770041.00,6757991717.00
2019-06-27,2330,236.00,241.50,236.00,240.50,42007834.00,10063332494.00
2019-06-28,2330,241.50,241.50,238.00,239.00,28085212.00,6715488371.00
2019-07-01,2330,245.50,250.00,245.00,248.50,66370875.00,16445222750.00
2019-07-02,2330,249.50,250.00,247.50,249.00,26832202.00,6671951743.00
2019-07-03,2330,244.00,245.00,242.00,242.50,29549774.00,7190777082.00
2019-07-04,2330,244.50,245.00,242.50,244.00,18691240.00,4561556160.00
2019-07-05,2330,244.50,245.00,241.50,243.00,27317074.00,6624379927.00
2019-07-08,2330,240.00,244.50,240.00,242.50,29190909.00,7057462187.00
2019-07-09,2330,241.50,243.00,240.50,242.00,16538987.00,3998096596.00
2019-07-10,2330,243.00,247.00,243.00,247.00,23812131.00,5839691357.00
2019-07-11,2330,250.00,250.00,247.50,250.00,31296289.00,7809358257.00
2019-07-12,2330,252.00,252.00,249.50,250.50,23868432.00,5984689000.00
2019-07-15,2330,251.00,254.50,249.50,254.50,34264300.00,8663129910.00
2019-07-16,2330,254.00,256.50,253.50,256.00,26141249.00,6678755679.00
2019-07-17,2330,254.00,254.00,251.00,252.00,34346648.00,8686815824.00
2019-07-18,2330,252.00,254.50,251.50,254.00,20908575.00,5300082470.00
2019-07-19,2330,259.50,261.00,259.00,259.00,59879798.00,15573278932.00
2019-07-22,2330,263.00,264.00,262.00,264.00,31863639.00,8385222407.00
2019-07-23,2330,265.50,266.50,262.50,264.00,29273223.00,7734089131.00
2019-07-24,2330,266.50,266.50,263.00,265.00,24511039.00,6484708226.00
2019-07-25,2330,264.00,265.00,261.50,265.00,30698545.00,8091922380.00
2019-07-26,2330,261.00,262.50,261.00,261.00,20768071.00,5434082968.00
2019-07-29,2330,260.00,262.00,259.50,261.00,18473320.00,4822762518.00
2019-07-30,2330,262.50,263.00,260.00,260.00,22895612.00,5975389270.00
2019-07-31,2330,260.00,260.00,257.00,259.50,36365601.00,9413416604.00
2019-08-01,2330,257.50,257.50,255.50,256.50,30107526.00,7722031382.00
2019-08-02,2330,252.00,253.50,250.50,251.50,54165644.00,13627068452.00
2019-08-05,2330,251.00,252.00,245.50,246.50,52835721.00,13092403583.00
2019-08-06,2330,240.00,250.00,240.00,248.50,58916879.00,14440787992.00
2019-08-07,2330,250.00,250.50,246.50,248.00,29435460.00,7305272500.00
2019-08-08,2330,248.00,254.00,248.00,253.50,30140266.00,7599200564.00
2019-08-12,2330,254.50,254.50,251.00,251.00,24732603.00,6242935989.00
2019-08-13,2330,249.00,249.50,246.50,246.50,25045107.00,6204239476.00
2019-08-14,2330,252.50,254.00,249.50,249.50,36336703.00,9142333535.00
2019-08-15,2330,247.00,248.50,246.00,248.00,28277412.00,6994442633.00
2019-08-16,2330,249.50,252.00,248.00,250.00,25696715.00,6420744887.00
2019-08-19,2330,251.50,253.00,250.50,252.00,25098514.00,6326683127.00
2019-08-20,2330,254.00,254.50,252.50,254.50,20620494.00,5233263533.00
2019-08-21,2330,254.50,255.00,253.00,254.50,20269296.00,5152545480.00
2019-08-22,2330,257.00,257.50,254.00,254.00,22136840.00,5659296700.00
2019-08-23,2330,253.50,254.50,253.00,254.00,14772877.00,3748071178.00
2019-08-26,2330,249.00,250.50,248.50,248.50,31740620.00,7910873500.00
2019-08-27,2330,250.50,251.00,248.50,250.00,53664951.00,13410582151.00
2019-08-28,2330,250.50,253.00,250.50,252.00,15280882.00,3852096070.00
2019-08-29,2330,253.00,254.00,251.00,254.00,20085767.00,5078703588.00
2019-08-30,2330,256.50,259.00,256.00,259.00,35299201.00,9092482858.00
2019-09-02,2330,258.00,258.00,256.00,257.50,14776854.00,3800453292.00
2019-09-03,2330,256.50,258.00,253.00,254.00,26086495.00,6642868555.00
2019-09-04,2330,254.00,258.00,254.00,257.50,23697733.00,6081456520.00
2019-09-05,2330,263.00,263.00,260.50,263.00,49041728.00,12869665251.00
2019-09-06,2330,265.00,265.00,263.00,263.50,26609515.00,7016868801.00
2019-09-09,2330,265.50,266.00,263.50,265.00,17317833.00,4585545966.00
2019-09-10,2330,263.50,264.00,260.50,261.50,30019866.00,7862297242.00
2019-09-11,2330,264.00,264.50,260.50,263.00,36266015.00,9508884445.00
2019-09-12,2330,265.00,265.00,261.50,262.50,38792293.00,10198483555.00
2019-09-16,2330,262.00,265.50,261.50,265.50,38913966.00,10258240252.00
2019-09-17,2330,266.50,266.50,264.50,265.00,30069844.00,7979032930.00
2019-09-18,2330,267.00,269.50,266.50,267.00,51360759.00,13754334364.00
2019-09-19,2330,268.00,268.00,264.00,265.00,27165567.00,7216457755.00
2019-09-20,2330,266.00,266.50,264.00,264.00,44555865.00,11785924559.00
2019-09-23,2330,264.00,264.00,263.00,264.00,14220208.00,3749146092.00
2019-09-24,2330,263.50,265.50,262.00,265.00,24304943.00,6419420695.00
2019-09-25,2330,262.50,266.00,262.00,266.00,23244163.00,6144037875.00
2019-09-26,2330,269.00,269.50,266.50,268.00,34128103.00,9139219995.00
2019-09-27,2330,271.50,272.50,271.00,272.00,44242817.00,12021629536.00
2019-10-01,2330,273.00,280.50,273.00,280.00,75248890.00,20886838992.00
2019-10-02,2330,280.00,281.00,279.00,279.50,30572953.00,8553297334.00
2019-10-03,2330,274.00,277.50,274.00,276.50,35874864.00,9891620358.00
2019-10-04,2330,279.50,280.00,275.00,276.50,35814613.00,9924872301.00
2019-10-07,2330,279.00,279.50,277.50,278.00,17750230.00,4944376000.00
2019-10-08,2330,283.50,286.50,282.50,286.50,39868551.00,11341522526.00
2019-10-09,2330,283.50,286.00,282.00,282.00,34895456.00,9890256397.00
2019-10-14,2330,291.50,291.50,288.50,290.00,53403517.00,15508059122.00
2019-10-15,2330,293.50,296.00,292.00,293.50,54754830.00,16088110873.00
2019-10-16,2330,298.00,298.00,293.50,296.50,42917144.00,12670374493.00
2019-10-17,2330,295.00,295.50,292.00,293.50,41920938.00,12296120182.00
2019-10-18,2330,293.00,295.50,291.00,293.00,45460984.00,13299843176.00
2019-10-21,2330,291.00,291.00,288.50,290.00,35860365.00,10389254035.00
2019-10-22,2330,292.50,294.00,291.50,294.00,26525020.00,7767636380.00
2019-10-23,2330,293.50,293.50,290.50,293.00,30382408.00,8877572772.00
2019-10-24,2330,294.50,294.50,291.00,293.00,29040827.00,8488069650.00
2019-10-25,2330,294.50,294.50,292.50,293.50,25082711.00,7362074526.00
2019-10-28,2330,295.00,295.50,294.00,294.50,20216561.00,5958714595.00
2019-10-29,2330,297.00,298.50,296.50,298.50,37130131.00,11044649541.00
2019-10-30,2330,298.50,299.50,296.50,299.50,32370342.00,9646551600.00
2019-10-31,2330,300.00,301.50,298.50,298.50,43123514.00,12921309531.00
2019-11-01,2330,299.50,299.50,296.50,299.00,30216678.00,8998151212.00
2019-11-04,2330,302.50,308.00,301.00,307.00,45155671.00,13767873778.00
2019-11-05,2330,307.50,310.50,307.00,310.50,32253184.00,9965563625.00
2019-11-06,2330,309.00,311.50,308.00,311.00,22149743.00,6864516290.00
2019-11-07,2330,310.00,310.00,306.50,309.00,28453659.00,8769417841.00
2019-11-08,2330,308.50,309.00,305.50,305.50,26230542.00,8040782450.00
2019-11-11,2330,305.00,305.00,300.00,301.00,35285583.00,10660082266.00
2019-11-12,2330,302.50,305.00,302.00,305.00,19016708.00,5774255431.00
2019-11-13,2330,303.00,304.00,301.50,304.00,18422438.00,5583245970.00
2019-11-14,2330,304.50,305.00,302.00,303.50,15734835.00,4776767840.00
2019-11-15,2330,305.50,307.50,304.50,307.00,29038445.00,8891701115.00
2019-11-18,2330,308.50,311.00,307.00,311.00,18741325.00,5796331075.00
2019-11-19,2330,312.50,315.00,311.00,315.00,33096197.00,10365611120.00
2019-11-20,2330,314.00,314.00,312.00,313.50,24538973.00,7681229345.00
2019-11-21,2330,309.50,311.00,307.00,311.00,30163833.00,9329845096.00
2019-11-22,2330,310.00,310.50,308.00,309.00,26492984.00,8188665024.00
2019-11-25,2330,310.50,310.50,307.00,307.00,19855177.00,6133713443.00
2019-11-26,2330,310.00,310.50,307.00,307.00,101916622.00,31332308518.00
2019-11-27,2330,307.50,311.50,307.50,311.00,18527648.00,5732316828.00
2019-11-28,2330,310.00,312.00,308.50,309.50,19718982.00,6111322584.00
2019-11-29,2330,309.00,309.50,305.00,305.00,32423561.00,9922872967.00
2019-12-02,2330,307.00,308.00,306.50,307.50,25516807.00,7844458306.00
2019-12-03,2330,305.00,307.00,305.00,307.00,27686319.00,8472595177.00
2019-12-04,2330,305.00,306.00,304.00,306.00,34911686.00,10652239802.00
2019-12-05,2330,309.00,312.00,309.00,312.00,39349842.00,12240671524.00
2019-12-06,2330,315.00,316.00,311.00,313.00,18402703.00,5771010050.00
2019-12-09,2330,314.00,316.50,314.00,316.00,23556081.00,7433484496.00
2019-12-10,2330,315.00,315.50,312.50,313.50,20847594.00,6540475540.00
2019-12-11,2330,314.00,319.00,313.00,319.00,34329148.00,10866410212.00
2019-12-12,2330,325.00,334.50,324.00,331.50,52801851.00,17446169339.00
2019-12-13,2330,340.00,343.00,338.00,339.00,60843939.00,20697194061.00
2019-12-16,2330,336.50,338.50,336.00,336.00,48340188.00,16272523200.00
2019-12-17,2330,335.00,345.00,335.00,345.00,41428458.00,14153896438.00
2019-12-18,2330,341.50,345.00,341.50,344.50,42486841.00,14594689501.00
2019-12-19,2330,340.00,342.00,335.00,335.00,55667012.00,18774880620.00
2019-12-20,2330,332.00,333.00,328.50,329.00,86280459.00,28483237354.00
2019-12-23,2330,329.50,334.00,329.50,334.00,26911340.00,8923609754.00
2019-12-24,2330,334.00,334.50,332.00,332.00,13783907.00,4591661991.00
2019-12-25,2330,332.00,334.50,331.00,333.00,12262954.00,4075131136.00
2019-12-26,2330,333.00,334.00,331.50,333.00,11427884.00,3803665702.00
2019-12-27,2330,335.00,338.00,335.00,338.00,16677806.00,5624251712.00
2019-12-30,2330,338.00,339.00,334.00,334.50,21591263.00,7270827164.00
2019-12-31,2330,331.00,333.50,331.00,331.00,22950517.00,7614538961.00
2020-01-02,2330,332.50,339.00,332.50,339.00,33282120.00,11224165450.00
2020-01-03,2330,344.00,345.00,335.50,339.50,42023268.00,14295651580.00
2020-01-06,2330,333.00,334.50,332.00,332.00,45677057.00,15210531318.00
2020-01-07,2330,332.50,333.00,326.50,329.50,51746181.00,17053282011.00
2020-01-08,2330,325.00,333.00,325.00,329.50,37913748.00,12484410088.00
2020-01-09,2330,335.00,337.50,333.50,337.50,32397504.00,10890847940.00
2020-01-10,2330,340.50,341.00,336.00,339.50,27880115.00,9432320316.00
2020-01-13,2330,342.00,342.00,339.00,341.50,30663332.00,10455852739.00
2020-01-14,2330,345.50,346.00,344.50,346.00,30368993.00,10488360978.00
2020-01-15,2330,345.00,345.00,337.50,340.00,54575274.00,18590754206.00
2020-01-16,2330,330.00,336.50,330.00,334.50,58217420.00,19431133895.00
2020-01-17,2330,334.00,335.50,332.00,333.00,53908097.00,17977119406.00
2020-01-20,2330,334.00,335.50,333.00,333.00,35551203.00,11865436839.00
2020-01-30,2330,326.00,326.00,316.50,316.50,126820049.00,40734449874.00
2020-01-31,2330,323.00,323.50,319.00,320.00,62912055.00,20205365710.00
2020-02-03,2330,315.00,316.50,312.00,315.00,59711849.00,18782694826.00
2020-02-04,2330,319.00,326.00,318.00,325.00,52208496.00,16882411296.00
2020-02-05,2330,329.00,329.50,324.50,327.50,36601453.00,11985817083.00
2020-02-06,2330,329.50,332.50,329.00,332.50,29659094.00,9803038836.00
2020-02-07,2330,330.00,330.50,326.00,328.00,30055327.00,9869903253.00
2020-02-10,2330,321.50,328.00,321.00,327.50,30814424.00,10024967927.00
2020-02-11,2330,330.50,332.50,330.00,331.50,29062935.00,9629938182.00
2020-02-12,2330,333.50,336.00,333.00,335.00,37612639.00,12593082711.00
2020-02-13,2330,338.00,338.00,335.00,335.00,23217021.00,7805299096.00
2020-02-14,2330,337.00,337.00,334.50,335.00,18326683.00,6155862838.00
2020-02-17,2330,331.50,333.00,330.50,331.50,16145079.00,5354339726.00
2020-02-18,2330,324.50,326.50,322.00,322.00,64662604.00,20957801150.00
2020-02-19,2330,322.50,327.00,322.00,326.50,48856218.00,15881609046.00
2020-02-20,2330,328.00,329.00,325.00,325.50,27061736.00,8832642641.00
2020-02-21,2330,325.50,326.50,323.00,325.00,22974534.00,7463007621.00
2020-02-24,2330,319.50,321.50,319.50,320.00,42946680.00,13754512932.00
2020-02-25,2330,320.00,323.50,317.50,322.00,38674011.00,12425785349.00
2020-02-26,2330,317.00,320.50,316.50,318.50,60768362.00,19341695595.00
2020-02-27,2330,319.00,320.00,315.00,316.00,62401927.00,19756146876.00
2020-03-02,2330,308.00,317.00,308.00,311.00,86372942.00,26864484400.00
2020-03-03,2330,318.50,320.00,316.00,317.50,55169411.00,17534766696.00
2020-03-04,2330,322.00,322.00,317.00,320.50,44745146.00,14304795666.00
2020-03-05,2330,325.00,326.00,323.00,323.00,38223525.00,12392618100.00
2020-03-06,2330,320.00,320.50,315.00,315.00,52807760.00,16733485610.00
2020-03-09,2330,307.50,310.00,305.50,305.50,88633277.00,27236002054.00
2020-03-10,2330,301.50,309.00,301.00,307.00,74869130.00,22727941511.00
2020-03-11,2330,309.00,310.50,302.00,302.00,64923710.00,19913151529.00
2020-03-12,2330,299.00,299.00,287.00,294.00,114173351.00,33544278206.00
2020-03-13,2330,275.00,294.00,272.50,290.00,151268148.00,42448997546.00
2020-03-16,2330,285.00,291.00,275.50,276.50,103933228.00,29343288916.00
2020-03-17,2330,265.00,276.50,265.00,268.00,122409651.00,32936712540.00
2020-03-18,2330,269.50,272.50,260.00,260.00,118620643.00,31555231792.00
2020-03-19,2330,252.00,253.00,235.50,248.00,160811697.00,39559889553.00
2020-03-20,2330,258.50,270.00,256.00,270.00,159179726.00,42110816042.00
2020-03-23,2330,257.00,262.50,252.00,255.00,76963709.00,19851467203.00
2020-03-24,2330,268.00,274.00,266.00,267.50,82377933.00,22207033614.00
2020-03-25,2330,276.50,280.00,274.00,277.00,80514199.00,22368633590.00
2020-03-26,2330,279.50,280.00,275.50,280.00,54189633.00,15108299935.00
2020-03-27,2330,284.00,286.00,273.00,273.00,69320306.00,19324060590.00
2020-03-30,2330,263.50,269.00,262.50,267.50,53403956.00,14205364184.00
2020-03-31,2330,273.00,274.00,269.50,274.00,53901923.00,14712557472.00
2020-04-01,2330,276.50,276.50,271.50,271.50,47572034.00,13022612818.00
2020-04-06,2330,273.00,275.50,270.00,275.50,59712754.00,16324198154.00
2020-04-07,2330,283.50,284.00,280.50,283.00,48887346.00,13817936851.00
2020-04-08,2330,285.00,285.50,283.00,285.00,38698826.00,11016972354.00
2020-04-09,2330,287.50,288.00,282.50,283.00,29276430.00,8346209654.00
2020-04-10,2330,280.00,282.00,279.00,279.50,28206858.00,7894277586.00
2020-04-13,2330,278.50,281.50,278.50,278.50,22196596.00,6202532380.00
2020-04-14,2330,281.00,285.50,280.00,285.00,50196688.00,14268689661.00
2020-04-15,2330,287.00,288.50,286.00,287.50,58561434.00,16819851630.00
2020-04-16,2330,283.00,288.50,283.00,286.50,48257280.00,13813721932.00
2020-04-17,2330,303.50,308.50,300.50,306.50,117447201.00,35719172728.00
2020-04-20,2330,308.00,309.00,302.50,304.00,44586860.00,13605802989.00
2020-04-21,2330,300.50,301.50,293.50,295.00,61949357.00,18417786171.00
2020-04-22,2330,294.50,295.00,290.50,294.00,43568580.00,12746170556.00
2020-04-23,2330,300.00,300.00,294.00,295.50,39977278.00,11864085990.00
2020-04-24,2330,295.50,297.00,294.00,294.00,26465090.00,7799075756.00
2020-04-27,2330,298.00,298.50,296.00,298.00,38493406.00,11461378300.00
2020-04-28,2330,298.50,298.50,294.50,296.50,37621165.00,11134919970.00
2020-04-29,2330,299.00,301.50,298.00,299.00,46253301.00,13861245296.00
2020-04-30,2330,302.00,305.00,301.50,304.50,58439085.00,17753466901.00
2020-05-04,2330,294.50,296.50,294.00,295.00,72252861.00,21341931218.00
2020-05-05,2330,296.50,298.00,295.00,295.50,23988405.00,7104774785.00
2020-05-06,2330,294.50,296.00,292.50,296.00,35704479.00,10524838077.00
2020-05-07,2330,294.50,299.00,294.50,297.50,28017198.00,8321170642.00
2020-05-08,2330,300.00,300.00,296.00,297.50,35613893.00,10619091212.00
2020-05-11,2330,300.00,301.50,298.50,301.00,32379019.00,9729431840.00
2020-05-12,2330,297.50,298.50,295.00,295.00,52494788.00,15553012596.00
2020-05-13,2330,293.00,297.00,292.50,297.00,46158418.00,13619538824.00
2020-05-14,2330,293.00,295.00,292.50,293.00,34480948.00,10119787160.00
2020-05-15,2330,297.50,298.50,294.50,298.00,44304804.00,13170466660.00
2020-05-18,2330,291.00,293.50,290.00,290.00,96872065.00,28216346996.00
2020-05-19,2330,294.00,294.00,291.50,291.50,53083214.00,15527338138.00
2020-05-20,2330,293.00,294.00,291.00,294.00,36789994.00,10772280152.00
2020-05-21,2330,296.00,298.00,295.00,297.50,36299468.00,10782482962.00
2020-05-22,2330,294.50,295.00,291.00,292.00,41138923.00,12025339565.00
2020-05-25,2330,290.50,293.00,288.50,292.00,32942223.00,9568008388.00
2020-05-26,2330,295.00,297.50,293.50,295.50,35817481.00,10609868646.00
2020-05-27,2330,297.00,298.00,295.50,296.50,23375959.00,6932934823.00
2020-05-28,2330,298.50,298.50,293.00,294.00,32395568.00,9575118830.00
2020-05-29,2330,292.00,292.50,290.00,292.00,96611181.00,28172174547.00
2020-06-01,2330,294.00,296.50,293.50,295.50,37936214.00,11205227094.00
2020-06-02,2330,296.00,297.50,296.00,296.50,26663587.00,7908476089.00
2020-06-03,2330,300.00,301.00,298.00,301.00,67894337.00,20354971677.00
2020-06-04,2330,305.00,306.00,304.00,306.00,47225322.00,14414983532.00
2020-06-05,2330,308.50,312.00,308.00,311.50,44077262.00,13655618646.00
2020-06-08,2330,316.00,319.00,315.00,318.00,52042921.00,16500836851.00
2020-06-09,2330,316.50,319.00,314.00,319.00,37068082.00,11746874522.00
2020-06-10,2330,319.00,324.00,318.00,322.50,42207259.00,13566733306.00
2020-06-11,2330,325.50,327.00,318.50,320.50,50612255.00,16340456218.00
2020-06-12,2330,313.00,317.50,312.50,316.00,46970918.00,14811252573.00
2020-06-15,2330,316.00,317.50,308.50,309.50,51032404.00,15955585136.00
2020-06-16,2330,317.00,317.00,314.00,315.00,40725216.00,12823172756.00
2020-06-17,2330,316.50,317.00,313.50,315.00,34692968.00,10922017056.00
2020-06-18,2330,314.50,315.00,313.00,314.50,35443474.00,11123108346.00
2020-06-19,2330,314.00,314.50,312.00,314.50,48130280.00,15102300186.00
2020-06-22,2330,314.50,316.50,312.00,312.00,37374616.00,11722688924.00
2020-06-23,2330,316.00,316.50,312.50,315.00,41300084.00,12981121544.00
2020-06-24,2330,319.00,320.00,316.00,317.50,55464024.00,17641164202.00
2020-06-29,2330,314.00,315.00,310.00,312.00,56672892.00,17695228688.00
2020-06-30,2330,313.50,314.00,311.00,313.00,49241860.00,15386428040.00
2020-07-01,2330,315.00,318.00,314.00,317.50,29685342.00,9400765756.00
2020-07-02,2330,319.00,322.00,318.00,322.00,37789178.00,12119073560.00
2020-07-03,2330,327.00,330.50,326.50,329.50,55656987.00,18280314743.00
2020-07-06,2330,332.50,338.00,332.00,338.00,57256220.00,19200718243.00
2020-07-07,2330,343.50,346.00,338.00,338.50,59046323.00,20143258406.00
2020-07-08,2330,337.50,342.50,337.50,341.00,33813218.00,11522915649.00
2020-07-09,2330,346.00,347.00,343.00,345.00,37410376.00,12912747970.00
2020-07-10,2330,352.50,353.00,345.50,348.50,60902108.00,21298923681.00
2020-07-13,2330,351.00,354.50,350.50,354.50,49459523.00,17425372488.00
2020-07-14,2330,355.00,364.00,354.50,363.50,63030150.00,22602878292.00
2020-07-15,2330,366.00,370.00,361.00,363.00,75105362.00,27486789803.00
2020-07-16,2330,359.00,361.00,353.50,357.50,68582512.00,24506038172.00
2020-07-17,2330,361.00,369.00,360.00,367.00,66403485.00,24244495853.00
2020-07-20,2330,370.00,370.00,362.50,366.00,44940238.00,16487970674.00
2020-07-21,2330,372.50,387.00,371.50,383.00,64440128.00,24491627162.00
2020-07-22,2330,381.00,386.00,379.00,384.00,43959670.00,16844625030.00
2020-07-23,2330,382.00,383.00,379.00,381.50,45397282.00,17302637512.00
2020-07-24,2330,390.00,395.00,382.00,386.00,90988734.00,35368857726.00
2020-07-27,2330,420.50,424.50,416.50,424.50,103315640.00,43637877952.00
2020-07-28,2330,464.00,466.50,428.50,435.00,172157746.00,77804668620.00
2020-07-29,2330,428.00,431.50,419.50,422.00,88641166.00,37649278004.00
2020-07-30,2330,436.50,441.00,428.50,434.00,69936949.00,30329225735.00
2020-07-31,2330,426.00,432.00,425.50,425.50,50484674.00,21567922126.00
2020-08-03,2330,420.50,424.00,415.00,416.00,77288571.00,32339719000.00
2020-08-04,2330,421.50,425.50,418.50,425.50,41697445.00,17600499460.00
2020-08-05,2330,430.50,433.50,426.00,429.00,47460834.00,20356413204.00
2020-08-06,2330,437.50,438.00,431.00,435.00,43443627.00,18877761758.00
2020-08-07,2330,433.50,434.00,428.00,433.00,37611388.00,16218241255.00
2020-08-10,2330,427.50,437.50,427.50,435.50,36067500.00,15674843876.00
2020-08-11,2330,432.00,435.00,429.00,429.00,34545313.00,14918017903.00
2020-08-12,2330,422.00,423.50,419.00,419.00,53980474.00,22721731886.00
2020-08-13,2330,428.00,429.00,424.50,429.00,45669335.00,19514322038.00
2020-08-14,2330,424.00,428.00,423.00,427.00,24259947.00,10332447763.00
2020-08-17,2330,427.00,435.00,425.50,435.00,34607731.00,14930831216.00
2020-08-18,2330,440.00,440.50,432.00,433.00,45504160.00,19824413320.00
2020-08-19,2330,436.00,436.50,427.50,427.50,31486800.00,13574970200.00
2020-08-20,2330,427.00,427.50,401.00,415.00,75155235.00,31353886930.00
2020-08-21,2330,421.50,427.00,420.00,424.50,41956467.00,17770610338.00
2020-08-24,2330,427.50,434.50,425.00,428.00,49199406.00,21139093710.00
2020-08-25,2330,433.50,436.00,430.50,434.50,37024899.00,16076146369.00
2020-08-26,2330,435.50,442.00,435.00,442.00,41406340.00,18169230108.00
2020-08-27,2330,448.00,453.50,444.00,444.00,57206712.00,25658355402.00
2020-08-28,2330,440.00,440.50,431.00,435.00,57039210.00,24868453700.00
2020-08-31,2330,437.00,439.50,426.50,426.50,88569538.00,38106113563.00
2020-09-01,2330,430.00,435.00,428.00,435.00,50129577.00,21681382412.00
2020-09-02,2330,441.00,441.00,430.50,433.00,42013407.00,18268716092.00
2020-09-03,2330,439.50,439.50,433.50,436.00,40683617.00,17768951582.00
2020-09-04,2330,427.00,432.50,427.00,429.00,51349911.00,22051596821.00
2020-09-07,2330,428.00,432.50,425.00,426.00,39854584.00,17060627028.00
2020-09-08,2330,428.00,433.00,427.50,431.00,23714670.00,10208232440.00
2020-09-09,2330,425.00,428.00,423.00,427.00,40727362.00,17312991408.00
2020-09-10,2330,432.50,435.00,430.50,435.00,35281921.00,15275112115.00
2020-09-11,2330,435.50,436.50,432.50,436.50,34893469.00,15171902036.00
2020-09-14,2330,436.00,442.00,435.50,441.00,39325833.00,17282659859.00
2020-09-15,2330,440.50,447.00,439.50,445.00,39661449.00,17608049536.00
2020-09-16,2330,460.00,462.00,455.50,458.00,70608238.00,32379722344.00
2020-09-17,2330,453.00,455.00,446.50,448.50,44420506.00,20006793320.00
2020-09-18,2330,447.00,449.50,443.00,444.00,52999922.00,23598268654.00
2020-09-21,2330,443.50,450.00,440.00,440.00,40193920.00,17842486882.00
2020-09-22,2330,440.00,441.00,436.00,437.00,36842639.00,16140184501.00
2020-09-23,2330,436.00,438.50,432.00,433.50,47426963.00,20592831368.00
2020-09-24,2330,425.50,429.00,423.00,423.00,82510381.00,35076048246.00
2020-09-25,2330,427.00,428.00,421.00,424.00,41263269.00,17522224043.00
2020-09-28,2330,427.00,431.50,424.50,431.50,34427479.00,14758341446.00
2020-09-29,2330,432.50,435.00,428.00,431.00,42730502.00,18419905574.00
2020-09-30,2330,430.50,435.00,430.50,433.00,28859204.00,12496613056.00
2020-10-05,2330,438.00,438.00,431.50,432.50,33238832.00,14450407588.00
2020-10-06,2330,441.50,442.00,437.50,439.50,36276395.00,15935558262.00
2020-10-07,2330,435.00,445.00,435.00,443.00,44691239.00,19693987093.00
2020-10-08,2330,450.00,454.00,448.50,453.00,60853811.00,27461867933.00
2020-10-12,2330,458.00,462.00,457.50,460.00,67645223.00,31061721030.00
2020-10-13,2330,465.00,465.00,456.50,462.00,46303738.00,21346346714.00
2020-10-14,2330,460.50,461.00,457.00,459.00,52677241.00,24157138176.00
2020-10-15,2330,456.00,456.50,450.00,453.00,49987278.00,22668836399.00
2020-10-16,2330,451.00,456.00,448.50,449.00,48274801.00,21775749575.00
2020-10-19,2330,453.00,457.50,451.00,457.50,34846906.00,15854021670.00
2020-10-20,2330,455.50,457.00,451.00,451.00,26567638.00,12065806730.00
2020-10-21,2330,453.50,456.00,451.00,453.00,29906921.00,13561798906.00
2020-10-22,2330,450.00,455.00,449.50,455.00,25285547.00,11435937453.00
2020-10-23,2330,458.00,458.00,451.50,452.00,18777385.00,8516604326.00
2020-10-26,2330,455.00,455.00,450.00,450.00,15800622.00,7136001014.00
2020-10-27,2330,447.50,448.50,445.50,447.00,31795010.00,14213282507.00
2020-10-28,2330,445.00,447.00,443.00,444.00,26221663.00,11660544725.00
2020-10-29,2330,436.50,439.50,435.50,437.00,43075387.00,18832675652.00
2020-10-30,2330,437.00,437.00,432.00,432.00,49770771.00,21614729093.00
2020-11-02,2330,433.00,435.50,428.00,435.50,34539576.00,14901775161.00
2020-11-03,2330,439.50,443.00,438.00,441.00,31461727.00,13852498196.00
2020-11-04,2330,444.50,451.50,443.00,450.00,37929652.00,16969841989.00
2020-11-05,2330,451.50,451.50,445.50,451.00,36539446.00,16404944484.00
2020-11-06,2330,455.00,455.50,450.00,452.50,32644190.00,14788989058.00
2020-11-09,2330,458.00,460.00,454.00,458.50,43415670.00,19865414906.00
2020-11-10,2330,452.00,454.50,448.50,451.00,36786882.00,16610287996.00
2020-11-11,2330,448.50,457.00,448.50,457.00,40355804.00,18326545251.00
2020-11-12,2330,463.00,463.50,457.50,458.00,57993774.00,26690353577.00
2020-11-13,2330,459.00,462.00,456.50,462.00,31483881.00,14478873331.00
2020-11-16,2330,470.00,484.50,469.00,484.00,83380911.00,39658459663.00
2020-11-17,2330,502.00,506.00,485.50,485.50,75763870.00,37446278783.00
2020-11-18,2330,490.00,497.00,486.50,497.00,56607501.00,27883387314.00
2020-11-19,2330,499.00,499.00,490.00,490.00,47345316.00,23320435165.00
2020-11-20,2330,486.00,490.00,486.00,488.00,35242579.00,17191897556.00
2020-11-23,2330,494.50,498.50,492.00,496.50,43708352.00,21661263304.00
2020-11-24,2330,499.50,500.00,491.50,492.00,38630079.00,19113408398.00
2020-11-25,2330,495.00,495.50,487.00,487.00,47179640.00,23142083458.00
2020-11-26,2330,489.00,493.50,488.00,489.00,31844322.00,15606951086.00
2020-11-27,2330,487.50,492.00,486.50,489.00,35196829.00,17205872680.00
2020-11-30,2330,493.00,493.50,480.50,480.50,149311778.00,72095050187.00
2020-12-01,2330,489.50,490.00,483.50,490.00,38341265.00,18719729411.00
2020-12-02,2330,499.50,500.00,493.50,499.00,60208035.00,29970556095.00
2020-12-03,2330,499.50,499.50,495.00,497.00,36919644.00,18369786608.00
2020-12-04,2330,498.50,505.00,497.50,503.00,54471042.00,27307472890.00
2020-12-07,2330,512.00,515.00,506.00,514.00,45493551.00,23243392840.00
2020-12-08,2330,514.00,525.00,509.00,524.00,41830257.00,21673267551.00
2020-12-09,2330,521.00,524.00,520.00,520.00,46831705.00,24416275048.00
2020-12-10,2330,511.00,515.00,510.00,512.00,43991133.00,22516917355.00
2020-12-11,2330,517.00,517.00,505.00,516.00,51296611.00,26259941709.00
2020-12-14,2330,512.00,513.00,508.00,508.00,30809747.00,15703026732.00
2020-12-15,2330,507.00,510.00,504.00,504.00,43059899.00,21780400998.00
2020-12-16,2330,509.00,515.00,507.00,512.00,53661282.00,27504184031.00
2020-12-17,2330,515.00,515.00,508.00,508.00,39285785.00,20052530030.00
2020-12-18,2330,508.00,512.00,507.00,510.00,40625502.00,20690792789.00
2020-12-21,2330,512.00,517.00,508.00,516.00,35153138.00,18033402498.00
2020-12-22,2330,512.00,516.00,509.00,509.00,25632245.00,13125205685.00
2020-12-23,2330,508.00,511.00,506.00,509.00,18320849.00,9321219765.00
2020-12-24,2330,511.00,512.00,508.00,510.00,15218008.00,7759366699.00
2020-12-25,2330,514.00,515.00,510.00,511.00,12581145.00,6449612552.00
2020-12-28,2330,512.00,515.00,509.00,515.00,19520886.00,10023145125.00
2020-12-29,2330,515.00,517.00,513.00,515.00,20226736.00,10409159045.00
2020-12-30,2330,516.00,525.00,514.00,525.00,46705107.00,24306881615.00
2020-12-31,2330,526.00,530.00,524.00,530.00,31173332.00,16437646054.00
2021-01-04,2330,530.00,540.00,528.00,536.00,39489959.00,21127581248.00
2021-01-05,2330,536.00,542.00,535.00,542.00,34839391.00,18761831567.00
2021-01-06,2330,555.00,555.00,541.00,549.00,55614434.00,30572783229.00
2021-01-07,2330,554.00,570.00,553.00,565.00,53392763.00,30018630685.00
2021-01-08,2330,580.00,580.00,571.00,580.00,62957148.00,36339702855.00
2021-01-11,2330,577.00,584.00,574.00,584.00,52771778.00,30535694908.00
2021-01-12,2330,583.00,597.00,582.00,591.00,52605212.00,30958142918.00
2021-01-13,2330,595.00,605.00,593.00,605.00,75707681.00,45419255149.00
2021-01-14,2330,587.00,597.00,587.00,592.00,90309708.00,53477747672.00
2021-01-15,2330,621.00,625.00,601.00,601.00,100998199.00,61876473170.00
2021-01-18,2330,608.00,608.00,594.00,607.00,50388664.00,30406611574.00
2021-01-19,2330,618.00,632.00,613.00,627.00,52947466.00,32934404720.00
2021-01-20,2330,633.00,650.00,631.00,647.00,95484470.00,61279319857.00
2021-01-21,2330,640.00,679.00,640.00,673.00,97590371.00,64624578866.00
2021-01-22,2330,649.00,665.00,649.00,649.00,134238314.00,88023707664.00
2021-01-25,2330,642.00,646.00,626.00,633.00,98608285.00,62583576696.00
2021-01-26,2330,632.00,640.00,610.00,617.00,114797609.00,71638808826.00
2021-01-27,2330,618.00,625.00,611.00,615.00,72823691.00,44931754892.00
2021-01-28,2330,600.00,608.00,598.00,601.00,104181514.00,62647021616.00
2021-01-29,2330,619.00,619.00,591.00,591.00,96875889.00,58399782288.00
2021-02-01,2330,595.00,612.00,587.00,611.00,70161939.00,42004241697.00
2021-02-02,2330,629.00,638.00,622.00,632.00,80724207.00,50938461582.00
2021-02-03,2330,638.00,642.00,630.00,630.00,59763227.00,37926170035.00
2021-02-04,2330,626.00,632.00,620.00,627.00,47547873.00,29765963971.00
2021-02-05,2330,638.00,641.00,631.00,632.00,57350831.00,36435290641.00
2021-02-17,2330,663.00,668.00,660.00,663.00,115578402.00,76728732025.00
2021-02-18,2330,664.00,665.00,656.00,660.00,54520341.00,36024245089.00
2021-02-19,2330,656.00,657.00,647.00,652.00,51651844.00,33676514428.00
2021-02-22,2330,660.00,662.00,650.00,650.00,39512078.00,25885948680.00
2021-02-23,2330,641.00,643.00,633.00,641.00,52868029.00,33779796222.00
2021-02-24,2330,627.00,636.00,625.00,625.00,80010637.00,50333904697.00
2021-02-25,2330,636.00,636.00,628.00,635.00,45279276.00,28634410089.00
2021-02-26,2330,611.00,618.00,606.00,606.00,137933162.00,84194194399.00
2021-03-02,2330,621.00,622.00,609.00,609.00,57792973.00,35565213485.00
2021-03-03,2330,609.00,622.00,601.00,622.00,61171387.00,37550028241.00
2021-03-04,2330,609.00,611.00,601.00,601.00,75508388.00,45662897489.00
2021-03-05,2330,588.00,605.00,584.00,601.00,85579527.00,50968119396.00
2021-03-08,2330,608.00,610.00,598.00,598.00,47676630.00,28737004484.00
2021-03-09,2330,585.00,595.00,585.00,595.00,74471341.00,43957092621.00
2021-03-10,2330,601.00,601.00,593.00,597.00,41735443.00,24904320192.00
2021-03-11,2330,596.00,612.00,595.00,609.00,55462783.00,33584884382.00
2021-03-12,2330,615.00,618.00,609.00,614.00,33876990.00,20780886905.00
2021-03-15,2330,614.00,614.00,609.00,611.00,29767904.00,18194081208.00
2021-03-16,2330,610.00,613.00,607.00,613.00,37780820.00,23074187740.00
2021-03-17,2330,612.00,612.00,602.00,604.00,43942131.00,26638906800.00
2021-03-18,2330,606.00,609.00,602.00,602.00,30223846.00,18286667342.00
2021-03-19,2330,594.00,598.00,591.00,591.00,74960854.00,44407634402.00
2021-03-22,2330,588.00,598.00,586.00,593.00,35931375.00,21250445678.00
2021-03-23,2330,597.00,603.00,593.00,594.00,31933358.00,19057386513.00
2021-03-24,2330,571.00,582.00,571.00,576.00,115318351.00,66559451738.00
2021-03-25,2330,572.00,581.00,570.00,575.00,74225812.00,42594849855.00
2021-03-26,2330,582.00,592.00,580.00,590.00,37937242.00,22271364837.00
2021-03-29,2330,599.00,602.00,596.00,599.00,40573913.00,24302039570.00
2021-03-30,2330,600.00,600.00,592.00,597.00,34686346.00,20661203325.00
2021-03-31,2330,596.00,597.00,587.00,587.00,44454672.00,26217366895.00
2021-04-01,2330,598.00,602.00,594.00,602.00,45972766.00,27520742963.00
2021-04-06,2330,615.00,616.00,608.00,610.00,37664216.00,23045132094.00
2021-04-07,2330,614.00,614.00,608.00,610.00,28140964.00,17175949080.00
2021-04-08,2330,606.00,613.00,603.00,613.00,26658283.00,16217570357.00
2021-04-09,2330,618.00,618.00,609.00,610.00,31601619.00,19344167081.00
2021-04-12,2330,612.00,613.00,603.00,605.00,23319822.00,14155495430.00
2021-04-13,2330,604.00,613.00,604.00,605.00,27386926.00,16638680378.00
2021-04-14,2330,608.00,612.00,600.00,612.00,31144922.00,18868308243.00
2021-04-15,2330,612.00,619.00,607.00,619.00,36394255.00,22332532476.00
2021-04-16,2330,610.00,611.00,603.00,610.00,49952191.00,30335377876.00
2021-04-19,2330,605.00,607.00,601.00,603.00,25234976.00,15224292755.00
2021-04-20,2330,598.00,602.00,595.00,602.00,36655069.00,21969721089.00
2021-04-21,2330,599.00,599.00,592.00,592.00,41893725.00,24933016553.00
2021-04-22,2330,596.00,598.00,591.00,591.00,38094824.00,22626436436.00
2021-04-23,2330,592.00,602.00,590.00,602.00,29004756.00,17336162729.00
2021-04-26,2330,605.00,610.00,603.00,610.00,32426908.00,19673836650.00
2021-04-27,2330,608.00,611.00,605.00,610.00,26761401.00,16274064043.00
2021-04-28,2330,606.00,608.00,601.00,602.00,24601487.00,14833592900.00
2021-04-29,2330,609.00,609.00,600.00,600.00,35756460.00,21579514979.00
2021-05-03,2330,595.00,597.00,588.00,588.00,46801189.00,27676378065.00
2021-05-04,2330,588.00,594.00,582.00,591.00,45507479.00,26756714081.00
2021-05-05,2330,594.00,594.00,585.00,585.00,31786592.00,18603594408.00
2021-05-06,2330,590.00,590.00,580.00,587.00,33165446.00,19405281385.00
2021-05-07,2330,594.00,600.00,589.00,599.00,28719597.00,17131817777.00
2021-05-10,2330,596.00,597.00,588.00,589.00,21365583.00,12626811276.00
2021-05-11,2330,579.00,580.00,570.00,571.00,66035839.00,37939364597.00
2021-05-12,2330,567.00,571.00,518.00,560.00,138328672.00,76325765887.00
2021-05-13,2330,547.00,563.00,541.00,547.00,71519430.00,39495488180.00
2021-05-14,2330,556.00,562.00,552.00,557.00,38625148.00,21474513930.00
2021-05-17,2330,544.00,558.00,541.00,549.00,58446847.00,32066868553.00
2021-05-18,2330,563.00,573.00,555.00,572.00,44584258.00,25226153189.00
2021-05-19,2330,571.00,572.00,565.00,567.00,29610174.00,16832735286.00
2021-05-20,2330,567.00,571.00,560.00,567.00,36605692.00,20670883290.00
2021-05-21,2330,572.00,577.00,568.00,573.00,28009899.00,16016851343.00
2021-05-24,2330,570.00,572.00,566.00,568.00,15981036.00,9090836697.00
2021-05-25,2330,576.00,584.00,573.00,583.00,35445350.00,20525932956.00
2021-05-26,2330,587.00,588.00,581.00,585.00,19555305.00,11433686898.00
2021-05-27,2330,580.00,582.00,573.00,582.00,70061002.00,40643804852.00
2021-05-28,2330,587.00,592.00,582.00,590.00,30720737.00,18082265480.00
2021-05-31,2330,595.00,597.00,590.00,597.00,31557426.00,18751716595.00
2021-06-01,2330,598.00,599.00,595.00,598.00,18405285.00,10985893229.00
2021-06-02,2330,600.00,600.00,593.00,595.00,22416789.00,13362065937.00
2021-06-03,2330,600.00,600.00,596.00,596.00,31703679.00,18939839664.00
2021-06-04,2330,591.00,595.00,590.00,595.00,16072580.00,9521252157.00
2021-06-07,2330,594.00,595.00,583.00,592.00,17729179.00,10471176330.00
2021-06-08,2330,590.00,595.00,588.00,589.00,14083552.00,8312653665.00
2021-06-09,2330,586.00,588.00,583.00,586.00,21575159.00,12618113390.00
2021-06-10,2330,591.00,599.00,587.00,599.00,29741770.00,17696413894.00
2021-06-11,2330,602.00,603.00,600.00,602.00,24940705.00,15011140567.00
2021-06-15,2330,607.00,609.00,606.00,609.00,30245897.00,18415370774.00
2021-06-17,2330,601.00,606.00,598.00,606.00,26477032.00,15924656516.00
2021-06-22,2330,585.00,588.00,578.00,578.00,30578091.00,17786329582.00
2021-06-23,2330,583.00,598.00,581.00,595.00,36386023.00,21500052844.00
2021-06-24,2330,598.00,598.00,588.00,590.00,19322765.00,11435647488.00
2021-06-25,2330,598.00,598.00,589.00,591.00,19140086.00,11355715486.00
2021-06-28,2330,590.00,590.00,586.00,590.00,15401977.00,9056869217.00
2021-06-29,2330,598.00,598.00,591.00,595.00,30837548.00,18350027611.00
2021-06-30,2330,599.00,599.00,595.00,595.00,34021380.00,20301841661.00
2021-07-15,2330,613.00,614.00,608.00,614.00,23057868.00,14117908308.00
2021-07-19,2330,583.00,584.00,578.00,582.00,43248966.00,25135531384.00
2021-07-20,2330,579.00,584.00,579.00,581.00,16352855.00,9502338666.00
2021-07-22,2330,589.00,594.00,587.00,591.00,27075950.00,16014166571.00
2021-07-23,2330,592.00,592.00,583.00,585.00,15705191.00,9206201715.00
2021-07-26,2330,591.00,591.00,580.00,580.00,22442745.00,13089591086.00
2021-07-27,2330,581.00,584.00,580.00,580.00,18925325.00,10997959654.00
2021-07-28,2330,576.00,579.00,573.00,579.00,39744486.00,22884618824.00
2021-07-29,2330,585.00,585.00,577.00,583.00,25014772.00,14525643464.00
2021-08-02,2330,583.00,590.00,580.00,590.00,24948096.00,14593329483.00
2021-08-03,2330,594.00,594.00,590.00,594.00,28104984.00,16655446605.00
2021-08-04,2330,598.00,598.00,594.00,596.00,23714971.00,14132827829.00
2021-08-05,2330,598.00,598.00,593.00,596.00,15673765.00,9343887536.00
2021-08-06,2330,596.00,596.00,588.00,591.00,13994018.00,8275142201.00
2021-08-09,2330,590.00,595.00,583.00,595.00,17611955.00,10366798182.00
2021-08-10,2330,596.00,596.00,589.00,591.00,17620825.00,10435618093.00
2021-08-11,2330,590.00,590.00,585.00,590.00,20311399.00,11943131619.00
2021-08-12,2330,586.00,588.00,584.00,586.00,16031265.00,9383967628.00
2021-08-13,2330,585.00,585.00,579.00,581.00,25440973.00,14769155709.00
2021-08-16,2330,582.00,586.00,578.00,584.00,19949389.00,11612486234.00
2021-08-17,2330,580.00,582.00,578.00,580.00,31845499.00,18475506150.00
2021-08-18,2330,568.00,575.00,566.00,574.00,47063629.00,26855353529.00
2021-08-19,2330,573.00,573.00,559.00,559.00,42133375.00,23766228074.00
2021-08-20,2330,560.00,563.00,551.00,552.00,47741449.00,26565551162.00
2021-08-23,2330,560.00,572.00,559.00,566.00,34775337.00,19688362857.00
2021-08-24,2330,574.00,575.00,571.00,572.00,27397309.00,15697269609.00
2021-08-25,2330,579.00,585.00,574.00,585.00,28867651.00,16769849402.00
2021-08-26,2330,601.00,603.00,591.00,594.00,45027320.00,26834160811.00
2021-08-27,2330,596.00,600.00,593.00,599.00,29459532.00,17596859741.00
2021-08-30,2330,602.00,605.00,599.00,605.00,40606821.00,24425472555.00
2021-08-31,2330,604.00,614.00,598.00,614.00,58916407.00,35867753009.00
2021-09-01,2330,614.00,614.00,608.00,613.00,31242788.00,19126702297.00
2021-09-02,2330,613.00,615.00,607.00,607.00,26715492.00,16341803689.00
2021-09-03,2330,610.00,620.00,610.00,620.00,53915006.00,33278648609.00
2021-09-06,2330,623.00,638.00,621.00,631.00,59223061.00,37250623087.00
2021-09-07,2330,634.00,634.00,623.00,623.00,27422775.00,17191259166.00
2021-09-08,2330,622.00,627.00,612.00,619.00,38713621.00,23960375113.00
2021-09-09,2330,612.00,620.00,610.00,619.00,19309522.00,11886107760.00
2021-09-10,2330,615.00,623.00,614.00,622.00,16740439.00,10365721937.00
2021-09-13,2330,619.00,620.00,613.00,615.00,15809768.00,9734528161.00
2021-09-14,2330,618.00,618.00,612.00,613.00,16024935.00,9849961184.00
2021-09-15,2330,610.00,613.00,607.00,607.00,26041452.00,15872971715.00
2021-09-16,2330,603.00,607.00,599.00,600.00,23315040.00,14030697248.00
2021-09-17,2330,600.00,610.00,599.00,600.00,42383815.00,25510152115.00
2021-09-22,2330,586.00,589.00,583.00,586.00,42732169.00,25056693727.00
2021-09-23,2330,588.00,593.00,588.00,588.00,22736266.00,13406035166.00
2021-09-24,2330,591.00,598.00,590.00,598.00,17302848.00,10289114839.00
2021-09-27,2330,600.00,602.00,593.00,602.00,20034221.00,11993300562.00
2021-09-28,2330,595.00,596.00,592.00,594.00,17325896.00,10291543822.00
2021-09-29,2330,580.00,583.00,577.00,580.00,51834124.00,30040354500.00
2021-09-30,2330,580.00,585.00,575.00,580.00,36318623.00,21054651328.00
2021-10-01,2330,579.00,579.00,571.00,574.00,39006124.00,22368447571.00
2021-10-04,2330,574.00,575.00,569.00,572.00,22288138.00,12741914919.00
2021-10-05,2330,562.00,572.00,560.00,572.00,36063650.00,20406526124.00
2021-10-06,2330,573.00,574.00,565.00,571.00,33989379.00,19345468774.00
2021-10-07,2330,575.00,582.00,572.00,580.00,28480400.00,16458019782.00
2021-10-08,2330,582.00,583.00,573.00,575.00,22601904.00,13051944932.00
2021-10-12,2330,570.00,575.00,564.00,575.00,27126088.00,15455194493.00
2021-10-13,2330,572.00,575.00,570.00,571.00,19267437.00,11006807040.00
2021-10-14,2330,579.00,579.00,573.00,573.00,14270641.00,8213170376.00
2021-10-15,2330,592.00,600.00,586.00,600.00,55305252.00,32878638999.00
2021-10-18,2330,604.00,604.00,590.00,590.00,19753943.00,11802365489.00
2021-10-19,2330,598.00,600.00,593.00,600.00,18709936.00,11196540994.00
2021-10-20,2330,603.00,604.00,597.00,598.00,17537878.00,10527701553.00
2021-10-21,2330,602.00,603.00,595.00,596.00,16882324.00,10116911921.00
2021-10-22,2330,600.00,602.00,594.00,600.00,14236279.00,8520299817.00
2021-10-25,2330,597.00,597.00,590.00,593.00,17724968.00,10518554968.00
2021-10-26,2330,595.00,600.00,593.00,599.00,27047187.00,16169131795.00
2021-10-27,2330,598.00,599.00,594.00,599.00,16260278.00,9708715733.00
2021-10-28,2330,598.00,598.00,591.00,595.00,16927154.00,10066068774.00
2021-10-29,2330,595.00,596.00,589.00,590.00,27684673.00,16352758906.00
2021-11-01,2330,591.00,593.00,590.00,590.00,17110357.00,10107402871.00
2021-11-02,2330,594.00,597.00,590.00,592.00,16544999.00,9808608554.00
2021-11-03,2330,597.00,597.00,592.00,592.00,11404984.00,6773439607.00
2021-11-04,2330,592.00,594.00,585.00,587.00,18888245.00,11112246412.00
2021-11-05,2330,598.00,600.00,595.00,600.00,35086799.00,20974569571.00
2021-11-08,2330,600.00,602.00,598.00,602.00,20886897.00,12544595323.00
2021-11-09,2330,611.00,617.00,610.00,611.00,42340785.00,25935652781.00
2021-11-10,2330,611.00,612.00,608.00,612.00,18518512.00,11303615778.00
2021-11-11,2330,600.00,606.00,600.00,606.00,20257792.00,12225622771.00
2021-11-12,2330,610.00,611.00,602.00,604.00,21373014.00,12801799429.00
2021-11-15,2330,609.00,611.00,607.00,608.00,17140935.00,10434209332.00
2021-11-16,2330,612.00,612.00,608.00,610.00,21776308.00,13285168416.00
2021-11-17,2330,615.00,615.00,608.00,610.00,21829653.00,13330782804.00
2021-11-18,2330,613.00,614.00,607.00,613.00,22933191.00,14019057524.00
2021-11-19,2330,622.00,623.00,617.00,618.00,38847820.00,24047156185.00
2021-11-22,2330,618.00,618.00,615.00,615.00,23296854.00,14354639781.00
2021-11-23,2330,615.00,615.00,611.00,612.00,20022520.00,12266300247.00
2021-11-24,2330,612.00,612.00,602.00,603.00,22978524.00,13904268592.00
2021-11-25,2330,605.00,607.00,601.00,603.00,14171433.00,8551663451.00
2021-11-26,2330,598.00,601.00,592.00,596.00,27882175.00,16609442268.00
2021-11-29,2330,594.00,598.00,591.00,593.00,24160615.00,14360266132.00
2021-11-30,2330,597.00,600.00,591.00,596.00,69160408.00,41208103150.00
2021-12-01,2330,596.00,603.00,594.00,600.00,30119408.00,18021861252.00
2021-12-02,2330,605.00,615.00,602.00,615.00,48720976.00,29780012954.00
2021-12-03,2330,614.00,614.00,606.00,608.00,27571974.00,16798271782.00
2021-12-06,2330,603.00,609.00,600.00,600.00,24474913.00,14740969839.00
2021-12-07,2330,602.00,607.00,597.00,607.00,21105883.00,12704452330.00
2021-12-08,2330,614.00,614.00,602.00,602.00,22194708.00,13490034097.00
2021-12-09,2330,606.00,608.00,602.00,608.00,12467833.00,7554386680.00
2021-12-10,2330,605.00,608.00,602.00,605.00,11371659.00,6874539365.00
2021-12-13,2330,609.00,610.00,601.00,601.00,17994933.00,10887156003.00
2021-12-14,2330,598.00,600.00,597.00,599.00,22997961.00,13757424386.00
2021-12-15,2330,597.00,601.00,596.00,600.00,22419040.00,13420958112.00
2021-12-16,2330,605.00,605.00,601.00,605.00,22151282.00,13370280179.00
2021-12-17,2330,601.00,607.00,599.00,607.00,30319495.00,18339763894.00
2021-12-20,2330,607.00,607.00,598.00,598.00,22381761.00,13446342438.00
2021-12-21,2330,597.00,600.00,595.00,597.00,17669559.00,10560361874.00
2021-12-22,2330,598.00,601.00,598.00,600.00,10127887.00,6067689422.00
2021-12-23,2330,607.00,608.00,602.00,606.00,16910501.00,10238270336.00
2021-12-24,2330,606.00,609.00,604.00,604.00,12008673.00,7276331245.00
2021-12-27,2330,604.00,610.00,604.00,606.00,16771900.00,10193462167.00
2021-12-28,2330,610.00,615.00,610.00,615.00,35156339.00,21569506434.00
2021-12-29,2330,615.00,619.00,614.00,616.00,25604320.00,15788043027.00
2021-12-30,2330,619.00,620.00,615.00,615.00,20522055.00,12654016133.00
2022-01-03,2330,619.00,632.00,618.00,631.00,73703302.00,46249716919.00
2022-01-04,2330,645.00,656.00,644.00,656.00,90945643.00,59188199534.00
2022-01-05,2330,669.00,669.00,646.00,650.00,72505550.00,47582832784.00
2022-01-06,2330,638.00,646.00,636.00,644.00,57490736.00,36817638522.00
2022-01-07,2330,643.00,646.00,632.00,634.00,39847766.00,25358237656.00
2022-01-10,2330,628.00,645.00,627.00,643.00,39286754.00,25052138297.00
2022-01-11,2330,646.00,651.00,639.00,651.00,36186544.00,23361588355.00
2022-01-12,2330,657.00,660.00,650.00,660.00,40832298.00,26762357054.00
2022-01-13,2330,658.00,662.00,655.00,661.00,39172028.00,25813559647.00
2022-01-14,2330,673.00,673.00,661.00,672.00,98768193.00,66094477906.00
2022-01-17,2330,685.00,688.00,678.00,683.00,63828552.00,43615303577.00
2022-01-18,2330,678.00,681.00,662.00,662.00,48802321.00,32742176854.00
2022-01-19,2330,652.00,660.00,651.00,654.00,44092247.00,28859030269.00
2022-01-20,2330,650.00,657.00,646.00,651.00,48996473.00,31893527292.00
2022-01-21,2330,644.00,646.00,637.00,641.00,53966101.00,34642476570.00
2022-01-24,2330,639.00,655.00,637.00,653.00,48665203.00,31412475591.00
2022-01-25,2330,643.00,645.00,638.00,641.00,53927064.00,34582254327.00
2022-01-26,2330,635.00,641.00,635.00,636.00,33093553.00,21089251429.00
2022-02-07,2330,644.00,644.00,631.00,635.00,64637049.00,41221401027.00
2022-02-08,2330,645.00,645.00,628.00,628.00,43786259.00,27805114442.00
2022-02-09,2330,635.00,637.00,630.00,633.00,33633394.00,21289086984.00
2022-02-10,2330,639.00,649.00,637.00,649.00,37388892.00,24028303016.00
2022-02-11,2330,646.00,650.00,642.00,650.00,28194682.00,18225628338.00
2022-02-14,2330,640.00,641.00,635.00,637.00,39394670.00,25104180949.00
2022-02-15,2330,633.00,639.00,633.00,633.00,24497955.00,15556533655.00
2022-02-16,2330,645.00,646.00,640.00,646.00,27395771.00,17635435307.00
2022-02-17,2330,644.00,646.00,641.00,645.00,20447347.00,13171026165.00
2022-02-18,2330,638.00,639.00,636.00,637.00,21948975.00,13997433486.00
2022-02-21,2330,633.00,636.00,632.00,632.00,25769408.00,16320629980.00
2022-02-22,2330,628.00,630.00,625.00,627.00,38526210.00,24153923316.00
2022-02-23,2330,624.00,629.00,623.00,625.00,34561338.00,21606428438.00
2022-02-24,2330,618.00,619.00,604.00,604.00,80672979.00,49358065299.00
2022-02-25,2330,600.00,609.00,600.00,604.00,94155943.00,56880320916.00
2022-03-01,2330,599.00,610.00,599.00,604.00,70303880.00,42445208215.00
2022-03-02,2330,601.00,605.00,600.00,601.00,42428151.00,25528700277.00
2022-03-03,2330,603.00,607.00,601.00,602.00,37103932.00,22373890387.00
2022-03-04,2330,595.00,597.00,592.00,595.00,65235167.00,38833099256.00
2022-03-07,2330,580.00,581.00,575.00,576.00,97167600.00,56147025127.00
2022-03-08,2330,561.00,570.00,561.00,563.00,88371413.00,49908147901.00
2022-03-09,2330,567.00,573.00,567.00,568.00,57512412.00,32761408119.00
2022-03-10,2330,585.00,589.00,582.00,587.00,49092145.00,28798814637.00
2022-03-11,2330,581.00,582.00,574.00,575.00,42981381.00,24820833930.00
2022-03-14,2330,574.00,577.00,572.00,572.00,38562552.00,22131365409.00
2022-03-15,2330,562.00,563.00,558.00,558.00,84338792.00,47191728965.00
2022-03-16,2330,564.00,565.00,555.00,558.00,50764807.00,28345633852.00
2022-03-17,2330,578.00,583.00,575.00,582.00,65820899.00,38121960334.00
2022-03-18,2330,582.00,582.00,576.00,581.00,49583448.00,28771454221.00
2022-03-21,2330,583.00,589.00,583.00,586.00,22800165.00,13363354969.00
2022-03-22,2330,577.00,586.00,577.00,583.00,23421124.00,13613967252.00
2022-03-23,2330,590.00,590.00,586.00,590.00,27475008.00,16177424772.00
2022-03-24,2330,587.00,592.00,585.00,591.00,20769676.00,12232627003.00
2022-03-25,2330,597.00,598.00,595.00,598.00,26794684.00,15984831591.00
2022-03-28,2330,581.00,586.00,580.00,584.00,27954730.00,16298449416.00
2022-03-29,2330,586.00,589.00,584.00,589.00,15742359.00,9243985774.00
2022-03-30,2330,599.00,600.00,597.00,600.00,43256548.00,25908489513.00
2022-03-31,2330,602.00,602.00,594.00,597.00,25130417.00,15014260610.00
2022-04-01,2330,585.00,589.00,584.00,589.00,31247086.00,18328227645.00
2022-04-06,2330,578.00,580.00,575.00,578.00,40726932.00,23547636944.00
2022-04-07,2330,571.00,573.00,566.00,566.00,47212937.00,26881649976.00
2022-04-08,2330,567.00,570.00,566.00,567.00,31406384.00,17821660486.00
2022-04-11,2330,563.00,566.00,558.00,558.00,41713758.00,23401330531.00
2022-04-12,2330,554.00,564.00,552.00,557.00,34799056.00,19418030839.00
2022-04-13,2330,564.00,576.00,563.00,573.00,36968137.00,21134384849.00
2022-04-14,2330,577.00,578.00,573.00,573.00,20224847.00,11618596373.00
2022-04-15,2330,562.00,566.00,561.00,562.00,33158930.00,18667922752.00
2022-04-18,2330,559.00,566.00,558.00,561.00,16579296.00,9311198146.00
2022-04-19,2330,566.00,569.00,563.00,565.00,18811242.00,10639032272.00
2022-04-20,2330,570.00,570.00,562.00,570.00,28240222.00,16016967192.00
2022-04-21,2330,571.00,571.00,565.00,565.00,21539083.00,12221437009.00
2022-04-22,2330,558.00,559.00,557.00,558.00,35567672.00,19849449551.00
2022-04-25,2330,550.00,552.00,546.00,547.00,49067362.00,26907070565.00
2022-04-26,2330,550.00,551.00,544.00,546.00,39549934.00,21628474846.00
2022-04-27,2330,530.00,532.00,526.00,526.00,65034122.00,34416315121.00
2022-04-28,2330,530.00,532.00,523.00,531.00,50406145.00,26653291522.00
2022-04-29,2330,547.00,547.00,535.00,538.00,39960198.00,21586196160.00
2022-05-03,2330,538.00,540.00,530.00,531.00,29502561.00,15790689728.00
2022-05-04,2330,533.00,537.00,530.00,534.00,17305449.00,9229779558.00
2022-05-05,2330,543.00,544.00,539.00,542.00,22540182.00,12209716759.00
2022-05-06,2330,528.00,531.00,526.00,528.00,34512038.00,18241210653.00
2022-05-09,2330,523.00,524.00,520.00,520.00,27309304.00,14249571058.00
2022-05-10,2330,506.00,519.00,505.00,518.00,44322247.00,22673191861.00
2022-05-11,2330,518.00,526.00,518.00,521.00,28109896.00,14662149551.00
2022-05-12,2330,516.00,518.00,505.00,505.00,35824788.00,18310112210.00
2022-05-13,2330,507.00,514.00,506.00,511.00,30204773.00,15412261905.00
2022-05-16,2330,521.00,524.00,518.00,520.00,22012610.00,11472463517.00
2022-05-17,2330,521.00,533.00,520.00,530.00,25812051.00,13627135311.00
2022-05-18,2330,541.00,541.00,534.00,538.00,33605299.00,18075946322.00
2022-05-19,2330,523.00,527.00,520.00,522.00,40798132.00,21322524192.00
2022-05-20,2330,524.00,532.00,523.00,530.00,26111163.00,13784969436.00
2022-05-23,2330,533.00,534.00,528.00,528.00,18919447.00,10040778291.00
2022-05-24,2330,530.00,531.00,520.00,520.00,19130619.00,10036942322.00
2022-05-25,2330,522.00,529.00,520.00,524.00,22460245.00,11782306905.00
2022-05-26,2330,523.00,525.00,513.00,514.00,31542825.00,16336162581.00
2022-05-27,2330,524.00,530.00,522.00,530.00,30113220.00,15855257581.00
2022-05-30,2330,538.00,547.00,537.00,547.00,36480411.00,19757635264.00
2022-05-31,2330,542.00,560.00,540.00,560.00,81962870.00,45507333341.00
2022-06-01,2330,550.00,555.00,548.00,549.00,32970903.00,18171598472.00
2022-06-02,2330,544.00,545.00,540.00,540.00,26063495.00,14122936388.00
2022-06-06,2330,541.00,544.00,538.00,540.00,23732327.00,12843324209.00
2022-06-07,2330,535.00,538.00,532.00,535.00,22152512.00,11846386906.00
2022-06-08,2330,539.00,545.00,538.00,544.00,19609522.00,10636701303.00
2022-06-09,2330,538.00,542.00,537.00,541.00,16894479.00,9115934006.00
2022-06-10,2330,530.00,533.00,529.00,530.00,22614596.00,12011615014.00
2022-06-13,2330,518.00,519.00,515.00,516.00,36758925.00,18998155460.00
2022-06-14,2330,507.00,514.00,507.00,513.00,38838778.00,19813036892.00
2022-06-15,2330,508.00,515.00,508.00,509.00,38360508.00,19580150319.00
2022-06-16,2330,515.00,516.00,507.00,508.00,31908028.00,16331470764.00
2022-06-17,2330,499.50,503.00,499.00,501.00,48400798.00,24260277915.00
2022-06-20,2330,500.00,502.00,495.00,498.00,36664463.00,18267359790.00
2022-06-21,2330,501.00,505.00,499.00,505.00,34432537.00,17298234720.00
2022-06-22,2330,501.00,503.00,494.50,494.50,33438921.00,16630857096.00
2022-06-23,2330,492.00,493.50,485.00,485.50,46808462.00,22836692325.00
2022-06-24,2330,489.50,492.50,485.50,486.50,29003676.00,14184287155.00
2022-06-27,2330,496.00,506.00,495.50,498.50,38684368.00,19379396938.00
2022-06-28,2330,496.00,500.00,496.00,497.50,16867955.00,8392290378.00
2022-06-29,2330,496.00,498.50,491.00,491.00,33124986.00,16352376816.00
2022-06-30,2330,484.50,486.50,476.00,476.00,49820824.00,23900613642.00
2022-07-01,2330,471.50,474.00,452.50,453.50,72597018.00,33459624760.00
2022-07-04,2330,443.00,451.50,440.00,440.00,61206245.00,27225872277.00
2022-07-05,2330,449.50,451.50,433.00,446.00,55469884.00,24538415224.00
2022-07-06,2330,442.00,447.50,435.00,435.50,42156925.00,18556660847.00
2022-07-07,2330,442.00,459.00,438.50,457.50,50984110.00,22992311966.00
2022-07-08,2330,470.00,470.50,461.50,467.00,39134398.00,18251251558.00
2022-07-11,2330,468.00,470.50,461.00,462.00,22930675.00,10673806551.00
2022-07-12,2330,458.00,458.00,449.50,449.50,24155935.00,10932798847.00
2022-07-13,2330,470.50,473.00,466.00,470.50,48134139.00,22639696871.00
2022-07-14,2330,466.00,477.50,463.00,475.00,34014188.00,16045789881.00
2022-07-15,2330,481.00,494.00,477.00,492.50,56039339.00,27285128552.00
2022-07-18,2330,495.50,498.50,488.50,495.50,40797601.00,20142703483.00
2022-07-19,2330,487.50,493.00,486.50,491.00,20554247.00,10063256350.00
2022-07-20,2330,502.00,503.00,491.50,495.00,36862724.00,18330197370.00
2022-07-21,2330,496.00,501.00,494.00,501.00,23893063.00,11887266420.00
2022-07-22,2330,505.00,505.00,500.00,503.00,26904474.00,13525083791.00
2022-07-25,2330,500.00,503.00,498.00,499.50,16803972.00,8402110298.00
2022-07-26,2330,499.50,499.50,491.00,495.00,19524143.00,9665183112.00
2022-07-27,2330,494.00,502.00,491.00,502.00,18411136.00,9144660659.00
2022-07-28,2330,509.00,509.00,499.00,501.00,35020547.00,17665645632.00
2022-07-29,2330,508.00,510.00,504.00,509.00,30632627.00,15571856556.00
2022-08-01,2330,506.00,508.00,500.00,504.00,24991291.00,12569771761.00
2022-08-02,2330,494.00,496.00,488.50,492.00,42669591.00,20973293337.00
2022-08-03,2330,494.00,501.00,493.00,501.00,29838832.00,14823224632.00
2022-08-04,2330,499.00,503.00,495.00,500.00,26589086.00,13279624282.00
2022-08-05,2330,509.00,516.00,507.00,516.00,35052642.00,17966410242.00
2022-08-08,2330,510.00,515.00,509.00,512.00,20568971.00,10531710250.00
2022-08-09,2330,507.00,511.00,504.00,510.00,24370709.00,12372442661.00
2022-08-10,2330,500.00,503.00,499.50,500.00,22112239.00,11075581424.00
2022-08-11,2330,513.00,514.00,510.00,514.00,24906177.00,12771121611.00
2022-08-12,2330,515.00,518.00,514.00,517.00,21343450.00,11016097043.00
2022-08-15,2330,520.00,524.00,519.00,523.00,22519886.00,11755494600.00
2022-08-16,2330,526.00,526.00,523.00,525.00,21234122.00,11141160337.00
2022-08-17,2330,524.00,527.00,521.00,527.00,28461939.00,14943047011.00
2022-08-18,2330,520.00,521.00,519.00,520.00,18721898.00,9734756997.00
2022-08-19,2330,519.00,523.00,517.00,519.00,14235983.00,7403584002.00
2022-08-22,2330,511.00,514.00,510.00,510.00,23175820.00,11849427903.00
2022-08-23,2330,503.00,506.00,502.00,504.00,20997847.00,10580935860.00
2022-08-24,2330,504.00,508.00,503.00,503.00,14995494.00,7560487746.00
2022-08-25,2330,505.00,510.00,504.00,508.00,10254367.00,5208471523.00
2022-08-26,2330,513.00,515.00,511.00,512.00,13268148.00,6805419690.00
2022-08-29,2330,497.00,502.00,496.00,498.50,28217313.00,14055439771.00
2022-08-30,2330,497.50,500.00,496.00,496.00,25699463.00,12787938496.00
2022-08-31,2330,492.00,505.00,492.00,505.00,50999514.00,25630339779.00
2022-09-01,2330,495.00,495.50,490.00,490.50,42008490.00,20696930527.00
2022-09-02,2330,488.00,489.50,485.00,485.00,33877655.00,16486942365.00
2022-09-05,2330,485.00,488.00,484.00,486.00,17327720.00,8419762666.00
2022-09-06,2330,488.50,491.50,486.50,489.00,21197718.00,10364807027.00
2022-09-07,2330,477.00,478.00,472.00,472.50,38168331.00,18125281029.00
2022-09-08,2330,473.00,475.00,472.00,475.00,35355467.00,16755699888.00
2022-09-12,2330,485.00,491.00,485.00,486.50,27181969.00,13268334545.00
2022-09-13,2330,495.00,495.00,491.00,493.00,18916557.00,9329113594.00
2022-09-14,2330,478.50,482.50,476.00,480.00,25046110.00,12023421519.00
2022-09-15,2330,476.00,480.00,476.00,476.50,24272164.00,11587112712.00
2022-09-16,2330,470.50,472.00,469.00,472.00,41889816.00,19737743551.00
2022-09-19,2330,472.00,473.00,466.50,467.00,20724347.00,9713676332.00
2022-09-20,2330,470.50,478.00,470.00,476.50,23269759.00,11027746136.00
2022-09-21,2330,473.50,475.50,468.50,471.00,24686050.00,11641957557.00
2022-09-22,2330,462.00,468.00,459.00,464.50,31417685.00,14524615830.00
2022-09-23,2330,458.50,460.50,455.00,455.00,32804066.00,15005076330.00
2022-09-26,2330,443.00,454.00,443.00,446.50,34856957.00,15560487370.00
2022-09-27,2330,449.00,451.50,446.00,448.00,29570005.00,13260363913.00
2022-09-28,2330,447.00,449.00,438.00,438.00,37827459.00,16693442543.00
2022-09-29,2330,443.00,443.50,432.00,435.00,42884163.00,18748910795.00
2022-09-30,2330,424.50,427.50,422.00,422.00,58366820.00,24750796363.00
2022-10-03,2330,418.50,424.50,416.50,417.00,38354967.00,16068149231.00
2022-10-04,2330,429.50,432.00,427.00,429.00,42455417.00,18225995343.00
2022-10-05,2330,444.50,451.00,442.00,445.00,48321335.00,21583755745.00
2022-10-06,2330,450.50,451.00,447.00,451.00,30750331.00,13821382520.00
2022-10-07,2330,448.50,448.50,437.00,438.00,32872044.00,14505036044.00
2022-10-11,2330,408.00,412.50,401.00,401.50,109842903.00,44572345642.00
2022-10-12,2330,397.00,400.00,395.50,397.50,64138351.00,25536098386.00
2022-10-13,2330,400.50,403.00,395.00,395.00,43158592.00,17239718998.00
2022-10-14,2330,414.50,416.00,409.00,412.00,59841064.00,24714069328.00
2022-10-17,2330,400.00,403.50,396.00,397.00,45038159.00,17954868983.00
2022-10-18,2330,406.50,407.00,399.50,407.00,41304834.00,16675510801.00
2022-10-19,2330,404.00,405.00,395.50,395.50,48655069.00,19398261013.00
2022-10-20,2330,391.00,397.50,386.00,397.50,63202035.00,24682371387.00
2022-10-21,2330,395.50,398.50,389.50,389.50,38968511.00,15297273710.00
2022-10-24,2330,395.00,397.50,387.00,387.00,48691083.00,18995017699.00
2022-10-25,2330,380.00,382.50,371.00,371.00,81173913.00,30515958539.00
2022-10-26,2330,370.50,379.00,370.00,376.00,61440878.00,23045141097.00
2022-10-27,2330,384.50,389.00,382.50,385.50,47160778.00,18190840150.00
2022-10-28,2330,379.50,382.00,375.00,379.50,44691746.00,16923109361.00
2022-10-31,2330,386.00,390.00,381.00,390.00,40598928.00,15721543079.00
2022-11-01,2330,388.50,393.00,386.00,391.50,42123141.00,16428079355.00
2022-11-02,2330,391.00,395.00,388.50,395.00,23169428.00,9091891929.00
2022-11-03,2330,385.00,387.00,383.50,384.00,42092776.00,16201844314.00
2022-11-04,2330,381.00,384.50,378.50,382.00,30839846.00,11762941797.00
2022-11-07,2330,390.00,393.00,387.00,390.00,37704746.00,14710405524.00
2022-11-08,2330,395.00,399.50,394.00,399.00,32576136.00,12954941396.00
2022-11-09,2330,403.50,417.00,403.50,417.00,56357663.00,23188739823.00
2022-11-10,2330,409.00,411.50,406.00,407.50,33671621.00,13757669359.00
2022-11-11,2330,441.50,442.00,435.00,441.50,83770040.00,36838808146.00
2022-11-14,2330,450.00,450.00,441.50,445.00,63282094.00,28257175788.00
2022-11-15,2330,465.00,487.00,462.00,480.00,118536865.00,56191637241.00
2022-11-16,2330,491.50,494.00,481.50,487.00,88416393.00,43103738374.00
2022-11-17,2330,482.50,485.00,475.00,485.00,46850915.00,22547582604.00
2022-11-18,2330,491.50,494.00,486.00,487.00,37001332.00,18131673834.00
2022-11-21,2330,487.50,489.50,480.50,482.00,30609465.00,14843805078.00
2022-11-22,2330,476.00,491.00,476.00,491.00,39329440.00,19112616916.00
2022-11-23,2330,494.50,496.00,488.50,492.00,34752559.00,17111333375.00
2022-11-24,2330,494.00,496.00,492.00,496.00,28477359.00,14073196704.00
2022-11-25,2330,494.00,498.00,494.00,498.00,41461805.00,20594790238.00
2022-11-28,2330,486.00,490.00,480.50,480.50,40815045.00,19790586320.00
2022-11-29,2330,473.50,488.00,473.00,487.00,40266315.00,19374604221.00
2022-11-30,2330,483.00,490.00,482.50,490.00,60728041.00,29643130386.00
2022-12-01,2330,506.00,508.00,498.50,498.50,43684491.00,21976936461.00
2022-12-02,2330,490.00,497.00,490.00,492.50,29909021.00,14745810388.00
2022-12-05,2330,491.50,497.50,489.00,489.00,33048153.00,16272219716.00
2022-12-06,2330,488.00,489.00,478.00,478.00,44964237.00,21703863181.00
2022-12-07,2330,477.00,485.50,475.00,475.00,39978821.00,19128832587.00
2022-12-08,2330,475.00,475.00,467.00,471.50,28348573.00,13366736635.00
2022-12-09,2330,478.00,484.50,476.00,481.50,28903860.00,13881674073.00
2022-12-12,2330,476.50,478.00,473.50,475.00,24064002.00,11435789974.00
2022-12-13,2330,473.00,476.00,471.00,471.50,36028109.00,17034191389.00
2022-12-14,2330,472.00,480.50,472.00,480.50,35263781.00,16860500181.00
2022-12-15,2330,476.00,481.50,474.50,480.50,26001756.00,12446105928.00
2022-12-16,2330,466.50,471.00,465.50,471.00,51707693.00,24262026661.00
2022-12-19,2330,466.50,469.50,465.00,466.50,24231653.00,11320207884.00
2022-12-20,2330,465.00,467.00,455.00,457.50,33181363.00,15291302176.00
2022-12-21,2330,460.00,463.00,457.00,459.00,40831313.00,18763874901.00
2022-12-22,2330,466.50,469.00,464.00,468.00,14519582.00,6784664988.00
2022-12-23,2330,457.50,458.50,455.00,455.00,26724153.00,12200056423.00
2022-12-26,2330,454.00,457.00,453.50,456.50,9152790.00,4171194858.00
2022-12-27,2330,458.00,462.50,457.00,457.00,10486219.00,4820155221.00
2022-12-28,2330,451.00,452.00,446.00,451.00,34823492.00,15643266841.00
2022-12-29,2330,444.00,449.50,442.50,446.00,25596357.00,11400284554.00
2022-12-30,2330,455.00,456.50,448.50,448.50,22297604.00,10079102379.00
2023-01-03,2330,446.00,453.50,443.00,453.00,15311364.00,6871973708.00
2023-01-04,2330,449.50,455.00,448.50,449.50,20626874.00,9310050329.00
2023-01-05,2330,459.00,459.50,455.00,458.50,23972099.00,10972616269.00
2023-01-06,2330,455.00,459.50,455.00,458.50,21313593.00,9745142549.00
2023-01-09,2330,468.00,481.00,467.50,481.00,49186355.00,23352375299.00
2023-01-10,2330,486.00,487.00,483.00,486.00,34785370.00,16867391241.00
2023-01-11,2330,487.00,488.00,482.00,484.50,21749124.00,10531314878.00
2023-01-12,2330,487.50,488.00,484.00,486.50,22416984.00,10901640739.00
2023-01-13,2330,507.00,509.00,499.00,500.00,81848755.00,41113175651.00
2023-01-16,2330,506.00,508.00,503.00,505.00,38781925.00,19573968332.00
2023-01-17,2330,504.00,504.00,499.50,503.00,29443522.00,14784661794.00
2023-01-30,2330,542.00,543.00,534.00,543.00,148413161.00,80057158264.00
2023-01-31,2330,537.00,538.00,521.00,522.00,79212272.00,41736937234.00
2023-02-01,2330,532.00,533.00,522.00,530.00,42539626.00,22450948467.00
2023-02-02,2330,538.00,542.00,537.00,540.00,46523592.00,25091483557.00
2023-02-03,2330,540.00,542.00,536.00,542.00,34156234.00,18439613447.00
2023-02-06,2330,532.00,533.00,526.00,526.00,32208918.00,17041821849.00
2023-02-07,2330,524.00,528.00,522.00,523.00,24362116.00,12767910080.00
2023-02-08,2330,538.00,540.00,534.00,540.00,37633169.00,20247927642.00
2023-02-09,2330,540.00,540.00,536.00,540.00,22311345.00,12026317167.00
2023-02-10,2330,544.00,546.00,541.00,545.00,30445088.00,16545221176.00
2023-02-13,2330,544.00,544.00,538.00,541.00,23903151.00,12921896752.00
2023-02-14,2330,544.00,546.00,543.00,545.00,23855974.00,12990943260.00
2023-02-15,2330,526.00,532.00,522.00,525.00,66068713.00,34751111404.00
2023-02-16,2330,528.00,531.00,524.00,528.00,33509968.00,17692691883.00
2023-02-17,2330,524.00,524.00,516.00,518.00,29673053.00,15385668299.00
2023-02-20,2330,514.00,519.00,511.00,517.00,21181235.00,10928087780.00
2023-02-21,2330,515.00,517.00,513.00,516.00,15097509.00,7771141142.00
2023-02-22,2330,506.00,509.00,505.00,507.00,26578867.00,13474662693.00
2023-02-23,2330,512.00,521.00,510.00,518.00,26801677.00,13846782345.00
2023-02-24,2330,524.00,525.00,511.00,511.00,48372303.00,24932422713.00
2023-03-01,2330,504.00,522.00,504.00,522.00,45971058.00,23624972884.00
2023-03-02,2330,519.00,520.00,515.00,519.00,18017085.00,9344352321.00
2023-03-03,2330,524.00,525.00,516.00,516.00,24117189.00,12510608773.00
2023-03-06,2330,520.00,524.00,517.00,521.00,24741125.00,12883854256.00
2023-03-07,2330,521.00,526.00,519.00,524.00,27650283.00,14465320023.00
2023-03-08,2330,521.00,523.00,518.00,521.00,27077587.00,14091713576.00
2023-03-09,2330,525.00,526.00,522.00,522.00,25639391.00,13430582677.00
2023-03-10,2330,515.00,516.00,511.00,513.00,25572403.00,13122265260.00
2023-03-13,2330,513.00,518.00,509.00,516.00,22568740.00,11608973891.00
2023-03-14,2330,511.00,514.00,510.00,510.00,26599476.00,13602260966.00
2023-03-15,2330,515.00,516.00,510.00,511.00,24080361.00,12350942139.00
2023-03-16,2330,505.00,510.00,504.00,505.00,23325664.00,11809911840.00
2023-03-17,2330,516.00,518.00,513.00,518.00,35872881.00,18538033584.00
2023-03-20,2330,517.00,518.00,510.00,512.00,12752221.00,6542889562.00
2023-03-21,2330,515.00,517.00,512.00,517.00,18519120.00,9534730452.00
2023-03-22,2330,524.00,533.00,524.00,533.00,45681056.00,24168561556.00
2023-03-23,2330,528.00,539.00,528.00,538.00,28614856.00,15307492846.00
2023-03-24,2330,536.00,539.00,535.00,539.00,22963771.00,12348311773.00
2023-03-27,2330,533.00,536.00,531.00,531.00,17170557.00,9148085033.00
2023-03-28,2330,525.00,530.00,524.00,525.00,18327556.00,9629323504.00
2023-03-29,2330,533.00,533.00,525.00,530.00,17620195.00,9329137251.00
2023-03-30,2330,536.00,537.00,531.00,535.00,20380650.00,10894446851.00
2023-03-31,2330,538.00,538.00,532.00,533.00,24324776.00,12997575231.00
2023-04-06,2330,530.00,531.00,526.00,530.00,26706549.00,14130223516.00
2023-04-07,2330,535.00,535.00,529.00,531.00,11114272.00,5903807797.00
2023-04-10,2330,533.00,533.00,528.00,529.00,8203168.00,4350907176.00
2023-04-11,2330,522.00,527.00,522.00,524.00,23087326.00,12101146147.00
2023-04-12,2330,523.00,524.00,517.00,520.00,24772925.00,12870788209.00
2023-04-13,2330,515.00,517.00,510.00,510.00,27501436.00,14121978133.00
2023-04-14,2330,516.00,520.00,513.00,516.00,21174653.00,10936462759.00
2023-04-17,2330,519.00,520.00,514.00,520.00,17895837.00,9264789087.00
2023-04-18,2330,518.00,520.00,514.00,515.00,15687059.00,8097905529.00
2023-04-19,2330,517.00,518.00,509.00,510.00,23209923.00,11881404238.00
2023-04-20,2330,512.00,516.00,510.00,513.00,21002685.00,10780268259.00
2023-04-21,2330,520.00,520.00,510.00,511.00,25440179.00,13103618008.00
2023-04-24,2330,505.00,510.00,504.00,507.00,17579661.00,8903570323.00
2023-04-25,2330,504.00,505.00,498.00,498.00,40916105.00,20495640143.00
2023-04-26,2330,498.00,498.50,491.00,491.50,33174539.00,16353670134.00
2023-04-27,2330,491.00,495.00,489.00,493.50,34149043.00,16816693302.00
2023-04-28,2330,498.50,502.00,498.00,502.00,38812949.00,19433015577.00
2023-05-02,2330,500.00,502.00,496.50,501.00,17142380.00,8572554842.00
2023-05-03,2330,496.00,498.00,495.00,496.00,12694698.00,6305914905.00
2023-05-04,2330,497.00,499.50,496.00,498.00,13699933.00,6818128036.00
2023-05-05,2330,500.00,502.00,498.50,500.00,7898012.00,3949232374.00
2023-05-08,2330,509.00,509.00,502.00,504.00,11737287.00,5932968954.00
2023-05-09,2330,507.00,510.00,505.00,510.00,18762778.00,9530653802.00
2023-05-10,2330,508.00,508.00,500.00,503.00,19385820.00,9753130414.00
2023-05-11,2330,506.00,506.00,498.50,499.00,13775130.00,6894746011.00
2023-05-12,2330,496.00,500.00,495.00,496.00,20746928.00,10313384387.00
2023-05-15,2330,497.00,499.50,494.50,495.50,15548031.00,7721867966.00
2023-05-16,2330,503.00,508.00,500.00,505.00,24052785.00,12131536763.00
2023-05-17,2330,508.00,521.00,506.00,519.00,44352410.00,22870340267.00
2023-05-18,2330,533.00,536.00,526.00,530.00,46107848.00,24437734052.00
2023-05-19,2330,535.00,535.00,529.00,532.00,34742592.00,18476363730.00
2023-05-22,2330,532.00,533.00,529.00,531.00,19037508.00,10100912410.00
2023-05-23,2330,530.00,531.00,525.00,530.00,20126817.00,10638352410.00
2023-05-24,2330,527.00,528.00,524.00,525.00,22621221.00,11888325332.00
2023-05-25,2330,542.00,545.00,537.00,543.00,68360924.00,36976525917.00
2023-05-26,2330,568.00,568.00,563.00,566.00,104924623.00,59322536825.00
2023-05-29,2330,574.00,574.00,564.00,568.00,58813792.00,33454887785.00
2023-05-30,2330,566.00,568.00,563.00,566.00,47490594.00,26861389177.00
2023-05-31,2330,560.00,562.00,551.00,558.00,90675529.00,50573324515.00
2023-06-01,2330,550.00,554.00,550.00,551.00,25257673.00,13920836412.00
2023-06-02,2330,559.00,564.00,557.00,562.00,34705102.00,19460144774.00
2023-06-05,2330,560.00,560.00,555.00,555.00,17483804.00,9730882750.00
2023-06-06,2330,554.00,562.00,553.00,560.00,21562088.00,12043550635.00
2023-06-07,2330,561.00,568.00,560.00,568.00,29091913.00,16449319451.00
2023-06-08,2330,562.00,568.00,555.00,559.00,25250687.00,14190442437.00
2023-06-09,2330,561.00,566.00,561.00,565.00,19776199.00,11160654540.00
2023-06-12,2330,574.00,574.00,571.00,574.00,28656646.00,16431644333.00
2023-06-13,2330,593.00,594.00,589.00,593.00,62671781.00,37077358748.00
2023-06-14,2330,590.00,591.00,587.00,590.00,25981992.00,15311616372.00
2023-06-15,2330,590.00,593.00,587.00,591.00,29868798.00,17618169127.00
2023-06-16,2330,590.00,590.00,584.00,589.00,41560389.00,24417862365.00
2023-06-19,2330,583.00,585.00,582.00,583.00,14883308.00,8682282040.00
2023-06-20,2330,579.00,585.00,579.00,583.00,17013418.00,9902274410.00
2023-06-21,2330,582.00,585.00,578.00,581.00,23718735.00,13782152333.00
2023-06-26,2330,576.00,578.00,574.00,574.00,29870090.00,17192208130.00
2023-06-27,2330,570.00,575.00,569.00,572.00,22447417.00,12847067878.00
2023-06-28,2330,579.00,579.00,571.00,574.00,18684508.00,10734873692.00
2023-06-29,2330,578.00,580.00,570.00,573.00,18046268.00,10372330946.00
2023-06-30,2330,570.00,576.00,568.00,576.00,33830922.00,19401712736.00
2023-07-03,2330,578.00,580.00,576.00,579.00,15118041.00,8743824984.00
2023-07-04,2330,585.00,585.00,580.00,585.00,17777363.00,10361905547.00
2023-07-05,2330,589.00,589.00,579.00,582.00,15553503.00,9060750346.00
2023-07-06,2330,573.00,574.00,565.00,565.00,32069711.00,18234491768.00
2023-07-07,2330,565.00,572.00,563.00,565.00,19858943.00,11244712238.00
2023-07-10,2330,567.00,573.00,565.00,565.00,18996089.00,10794393087.00
2023-07-11,2330,574.00,577.00,570.00,577.00,18566571.00,10665245909.00
2023-07-12,2330,574.00,578.00,572.00,578.00,16220006.00,9338600582.00
2023-07-13,2330,587.00,590.00,585.00,585.00,26878397.00,15790086719.00
2023-07-14,2330,589.00,591.00,587.00,591.00,24381177.00,14372679526.00
2023-07-17,2330,588.00,591.00,587.00,591.00,14311753.00,8428551949.00
2023-07-18,2330,587.00,588.00,580.00,581.00,22022410.00,12866196578.00
2023-07-19,2330,584.00,587.00,579.00,581.00,24909638.00,14517904258.00
2023-07-20,2330,580.00,584.00,578.00,579.00,15676734.00,9102325307.00
2023-07-21,2330,560.00,563.00,557.00,560.00,52275128.00,29291080481.00
2023-07-24,2330,557.00,563.00,557.00,558.00,27656825.00,15469188055.00
2023-07-25,2330,561.00,569.00,561.00,569.00,22767807.00,12899067927.00
2023-07-26,2330,569.00,571.00,563.00,566.00,15147698.00,8586520667.00
2023-07-27,2330,570.00,570.00,566.00,569.00,13004888.00,7396939592.00
2023-07-28,2330,569.00,573.00,565.00,567.00,19009675.00,10814265557.00
2023-07-31,2330,575.00,575.00,560.00,565.00,28409339.00,16044638425.00
2023-08-01,2330,565.00,568.00,564.00,567.00,18916866.00,10711815419.00
2023-08-02,2330,567.00,569.00,558.00,561.00,34495766.00,19394908189.00
2023-08-04,2330,556.00,560.00,552.00,554.00,29320685.00,16266624892.00
2023-08-07,2330,558.00,561.00,556.00,558.00,15607870.00,8719529904.00
2023-08-08,2330,558.00,558.00,551.00,552.00,21167596.00,11708530913.00
2023-08-09,2330,550.00,557.00,550.00,554.00,15088059.00,8355524852.00
2023-08-10,2330,552.00,554.00,550.00,551.00,18884431.00,10418779108.00
2023-08-11,2330,556.00,558.00,546.00,546.00,24816095.00,13663661565.00
2023-08-14,2330,540.00,543.00,537.00,541.00,24728477.00,13344853868.00
2023-08-15,2330,543.00,545.00,540.00,542.00,16341396.00,8859336259.00
2023-08-16,2330,541.00,543.00,536.00,542.00,29612963.00,15981443678.00
2023-08-17,2330,540.00,546.00,537.00,544.00,24070209.00,13048399357.00
2023-08-18,2330,540.00,544.00,539.00,539.00,19582982.00,10591633376.00
2023-08-21,2330,544.00,544.00,534.00,537.00,18313588.00,9840509268.00
2023-08-22,2330,544.00,544.00,538.00,541.00,14853796.00,8041168413.00
2023-08-23,2330,546.00,552.00,544.00,552.00,21701684.00,11920663477.00
2023-08-24,2330,563.00,564.00,558.00,564.00,24409517.00,13715472727.00
2023-08-25,2330,549.00,551.00,546.00,546.00,25782760.00,14141567044.00
2023-08-28,2330,547.00,553.00,547.00,549.00,9384631.00,5166103257.00
2023-08-29,2330,551.00,553.00,546.00,552.00,10969386.00,6035376093.00
2023-08-30,2330,558.00,560.00,554.00,555.00,18674649.00,10396527428.00
2023-08-31,2330,553.00,556.00,548.00,549.00,47265347.00,25978808976.00
2023-09-01,2330,543.00,553.00,543.00,548.00,15194921.00,8331995536.00
2023-09-04,2330,549.00,557.00,549.00,557.00,9772925.00,5412329762.00
2023-09-05,2330,553.00,555.00,550.00,552.00,14337041.00,7911531475.00
2023-09-06,2330,556.00,556.00,550.00,550.00,14442757.00,7972706415.00
2023-09-07,2330,546.00,548.00,542.00,542.00,22610385.00,12305542681.00
2023-09-08,2330,535.00,540.00,535.00,539.00,16702110.00,8980038278.00
2023-09-11,2330,539.00,540.00,536.00,536.00,15540773.00,8348107210.00
2023-09-12,2330,536.00,545.00,536.00,544.00,17135765.00,9268673682.00
2023-09-13,2330,545.00,548.00,541.00,541.00,16836487.00,9146776791.00
2023-09-14,2330,544.00,550.00,543.00,550.00,18377284.00,10058129685.00
2023-09-15,2330,549.00,558.00,547.00,558.00,44681949.00,24818735444.00
2023-09-18,2330,548.00,549.00,540.00,540.00,40148161.00,21843932948.00
2023-09-19,2330,539.00,543.00,538.00,538.00,21099739.00,11374956906.00
2023-09-20,2330,536.00,538.00,535.00,535.00,28098535.00,15065407249.00
2023-09-21,2330,530.00,531.00,526.00,527.00,35984810.00,19006048743.00
2023-09-22,2330,523.00,525.00,522.00,522.00,33499481.00,17519111007.00
2023-09-25,2330,522.00,529.00,522.00,525.00,20583374.00,10814706278.00
2023-09-26,2330,521.00,524.00,519.00,519.00,29064997.00,15130935931.00
2023-09-27,2330,517.00,523.00,516.00,522.00,18655088.00,9709749290.00
2023-09-28,2330,523.00,525.00,520.00,523.00,28350350.00,14826254349.00
2023-10-02,2330,530.00,534.00,528.00,533.00,26891996.00,14300676237.00
2023-10-03,2330,528.00,533.00,528.00,529.00,17601440.00,9335110434.00
2023-10-04,2330,521.00,523.00,519.00,520.00,29808729.00,15519741014.00
2023-10-05,2330,523.00,529.00,523.00,528.00,25749184.00,13563941939.00
2023-10-06,2330,530.00,533.00,529.00,532.00,16160314.00,8587684448.00
2023-10-11,2330,542.00,544.00,540.00,544.00,61670562.00,33477968593.00
2023-10-12,2330,545.00,550.00,544.00,550.00,36350241.00,19916786786.00
2023-10-13,2330,550.00,554.00,548.00,553.00,34704924.00,19128100250.00
2023-10-16,2330,546.00,547.00,542.00,545.00,21867048.00,11909042136.00
2023-10-17,2330,550.00,552.00,548.00,551.00,19462529.00,10712565922.00
2023-10-18,2330,549.00,549.00,540.00,540.00,28848123.00,15664232734.00
2023-10-19,2330,540.00,548.00,540.00,546.00,26999255.00,14717458172.00
2023-10-20,2330,549.00,556.00,546.00,556.00,49143932.00,27116129760.00
2023-10-23,2330,552.00,553.00,543.00,544.00,24172637.00,13193058890.00
2023-10-24,2330,543.00,546.00,540.00,544.00,15761516.00,8562488660.00
2023-10-25,2330,544.00,551.00,544.00,544.00,17137199.00,9371422161.00
2023-10-26,2330,530.00,535.00,530.00,531.00,31682955.00,16851704175.00
2023-10-27,2330,534.00,536.00,532.00,533.00,17050787.00,9094404470.00
2023-10-30,2330,531.00,534.00,528.00,532.00,23299422.00,12374705789.00
2023-10-31,2330,535.00,535.00,527.00,529.00,28073280.00,14873552534.00
2023-11-01,2330,533.00,533.00,527.00,528.00,14028881.00,7432561094.00
2023-11-02,2330,536.00,547.00,535.00,547.00,31075778.00,16846430251.00
2023-11-03,2330,547.00,549.00,545.00,549.00,16673456.00,9129495705.00
2023-11-06,2330,553.00,556.00,550.00,550.00,31297186.00,17321453879.00
2023-11-07,2330,552.00,555.00,550.00,555.00,16990175.00,9406486499.00
2023-11-08,2330,550.00,557.00,550.00,556.00,16780331.00,9308096586.00
2023-11-09,2330,551.00,557.00,551.00,557.00,13649525.00,7577883144.00
2023-11-10,2330,555.00,557.00,554.00,557.00,14105575.00,7841514218.00
2023-11-13,2330,579.00,580.00,571.00,571.00,46556047.00,26712320428.00
2023-11-14,2330,576.00,576.00,571.00,572.00,25366980.00,14553766501.00
2023-11-15,2330,583.00,583.00,575.00,581.00,53122455.00,30807985243.00
2023-11-16,2330,581.00,583.00,578.00,583.00,31059487.00,18056972159.00
2023-11-17,2330,579.00,583.00,579.00,580.00,22878229.00,13295351545.00
2023-11-20,2330,576.00,579.00,575.00,577.00,26606128.00,15343389700.00
2023-11-21,2330,582.00,585.00,581.00,585.00,39880714.00,23286785359.00
2023-11-22,2330,576.00,579.00,574.00,577.00,23922047.00,13783944507.00
2023-11-23,2330,574.00,578.00,574.00,578.00,15143501.00,8714906968.00
2023-11-24,2330,577.00,578.00,574.00,575.00,12503334.00,7192811445.00
2023-11-27,2330,573.00,577.00,568.00,568.00,20321872.00,11598721713.00
2023-11-28,2330,565.00,576.00,565.00,575.00,26932029.00,15393289150.00
2023-11-29,2330,578.00,579.00,570.00,574.00,27786565.00,15937354487.00
2023-11-30,2330,576.00,577.00,570.00,577.00,54365027.00,31284297816.00
2023-12-01,2330,573.00,579.00,573.00,579.00,28797795.00,16600169332.00
2023-12-04,2330,582.00,582.00,571.00,574.00,29424299.00,16917950637.00
2023-12-05,2330,571.00,572.00,567.00,570.00,27355530.00,15570195609.00
2023-12-06,2330,568.00,575.00,568.00,570.00,23116422.00,13197098680.00
2023-12-07,2330,570.00,573.00,566.00,566.00,24259384.00,13786125780.00
2023-12-08,2330,574.00,577.00,570.00,570.00,39243978.00,22520643109.00
2023-12-11,2330,572.00,575.00,570.00,574.00,29204446.00,16730528425.00
2023-12-12,2330,580.00,581.00,575.00,578.00,32856787.00,19003744361.00
2023-12-13,2330,576.00,579.00,576.00,577.00,24327758.00,14033215240.00
2023-12-14,2330,581.00,582.00,579.00,582.00,40580966.00,23556973793.00
2023-12-15,2330,585.00,586.00,580.00,585.00,58693166.00,34304458160.00
2023-12-18,2330,579.00,585.00,577.00,585.00,26938728.00,15672718097.00
2023-12-19,2330,588.00,588.00,580.00,585.00,30591879.00,17885392353.00
2023-12-20,2330,587.00,587.00,583.00,585.00,38628249.00,22578626040.00
2023-12-21,2330,577.00,579.00,575.00,577.00,26007263.00,14995966443.00
2023-12-22,2330,582.00,582.00,579.00,582.00,19328302.00,11226845287.00
2023-12-25,2330,582.00,585.00,580.00,581.00,9994163.00,5820235840.00
2023-12-26,2330,583.00,586.00,582.00,586.00,17033926.00,9963615754.00
2023-12-27,2330,587.00,592.00,586.00,592.00,34750958.00,20491144772.00
2023-12-28,2330,592.00,593.00,589.00,593.00,27152352.00,16064106365.00
2023-12-29,2330,589.00,593.00,589.00,593.00,20155619.00,11931171966.00
2024-01-02,2330,590.00,593.00,589.00,593.00,27997826.00,16549619798.00
2024-01-03,2330,584.00,585.00,576.00,578.00,40134497.00,23267025945.00
2024-01-04,2330,580.00,581.00,577.00,580.00,18063758.00,10466284102.00
2024-01-05,2330,578.00,580.00,574.00,576.00,22008878.00,12685460114.00
2024-01-08,2330,582.00,585.00,579.00,583.00,19270119.00,11232942053.00
2024-01-09,2330,588.00,589.00,583.00,586.00,23718766.00,13909252422.00
2024-01-10,2330,581.00,586.00,580.00,584.00,13708117.00,8006229126.00
2024-01-11,2330,586.00,589.00,583.00,586.00,27842729.00,16323168586.00
2024-01-12,2330,581.00,588.00,581.00,584.00,17636558.00,10304253419.00
2024-01-15,2330,590.00,590.00,585.00,586.00,21900687.00,12873769022.00
2024-01-16,2330,581.00,588.00,579.00,580.00,28889681.00,16817280777.00
2024-01-17,2330,583.00,584.00,578.00,581.00,46857735.00,27229863028.00
2024-01-18,2330,586.00,589.00,585.00,588.00,36746623.00,21575062923.00
2024-01-19,2330,625.00,627.00,614.00,626.00,176166037.00,109423769320.00
2024-01-22,2330,633.00,633.00,623.00,626.00,70829523.00,44436449501.00
2024-01-23,2330,629.00,629.00,622.00,628.00,45761889.00,28681559251.00
2024-01-24,2330,628.00,630.00,624.00,627.00,29905121.00,18779693566.00
2024-01-25,2330,635.00,642.00,633.00,642.00,59214638.00,37803501446.00
2024-01-26,2330,644.00,646.00,639.00,644.00,44103850.00,28392638215.00
2024-01-29,2330,646.00,648.00,644.00,648.00,29828008.00,19268444564.00
2024-01-30,2330,642.00,647.00,642.00,642.00,40398877.00,26028211247.00
2024-01-31,2330,634.00,637.00,626.00,628.00,47554701.00,29978630024.00
2024-02-01,2330,625.00,628.00,619.00,628.00,46924943.00,29237425981.00
2024-02-02,2330,633.00,635.00,628.00,635.00,27797894.00,17563853315.00
2024-02-05,2330,645.00,647.00,638.00,646.00,48037344.00,30931242935.00
2024-02-15,2330,709.00,709.00,693.00,697.00,132263803.00,92592826951.00
2024-02-16,2330,697.00,699.00,683.00,683.00,48963167.00,33742716965.00
2024-02-19,2330,674.00,682.00,674.00,678.00,36366837.00,24665534552.00
2024-02-20,2330,675.00,688.00,675.00,687.00,31403730.00,21494427969.00
2024-02-21,2330,678.00,683.00,678.00,681.00,31980543.00,21748906940.00
2024-02-22,2330,695.00,695.00,685.00,692.00,34269392.00,23664176835.00
2024-02-23,2330,701.00,703.00,696.00,697.00,48404478.00,33847447281.00
2024-02-26,2330,700.00,700.00,695.00,698.00,29976379.00,20917136411.00
2024-02-27,2330,700.00,701.00,691.00,698.00,35389548.00,24647159479.00
2024-03-01,2330,697.00,697.00,688.00,689.00,24167721.00,16699995060.00
2024-03-04,2330,714.00,725.00,711.00,725.00,97210112.00,69868348694.00
2024-03-05,2330,735.00,738.00,728.00,730.00,73299411.00,53751887376.00
2024-03-06,2330,718.00,738.00,717.00,735.00,52464833.00,38203868985.00
2024-03-07,2330,755.00,769.00,754.00,760.00,80382406.00,61221034146.00
2024-03-08,2330,795.00,796.00,772.00,784.00,98069174.00,77295575097.00
2024-03-11,2330,768.00,778.00,761.00,766.00,73436931.00,56348050108.00
2024-03-12,2330,757.00,771.00,754.00,770.00,63336798.00,48288411581.00
2024-03-13,2330,785.00,785.00,777.00,779.00,43130896.00,33672441212.00
2024-03-14,2330,779.00,785.00,770.00,784.00,48964017.00,38196293503.00
2024-03-15,2330,771.00,777.00,753.00,753.00,80580846.00,61451780435.00
2024-03-18,2330,754.00,765.00,754.00,764.00,46006400.00,34967084535.00
2024-03-19,2330,758.00,765.00,755.00,762.00,32078900.00,24399917859.00
2024-03-20,2330,764.00,769.00,752.00,758.00,48788389.00,37117091830.00
2024-03-21,2330,773.00,784.00,772.00,784.00,47759094.00,37203673872.00
2024-03-22,2330,788.00,789.00,775.00,785.00,32629749.00,25521571701.00
2024-03-25,2330,783.00,788.00,779.00,780.00,21223414.00,16612693369.00
2024-03-26,2330,788.00,792.00,776.00,782.00,43103294.00,33847261033.00
2024-03-27,2330,785.00,785.00,779.00,779.00,19732209.00,15418346943.00
2024-03-28,2330,774.00,776.00,768.00,769.00,28393398.00,21889883699.00
2024-03-29,2330,769.00,781.00,768.00,779.00,20212820.00,15682908766.00
2024-04-01,2330,783.00,783.00,769.00,770.00,22348250.00,17301753062.00
2024-04-02,2330,784.00,790.00,783.00,790.00,42219075.00,33230356267.00
2024-04-03,2330,783.00,785.00,778.00,780.00,32909892.00,25719094412.00
2024-04-08,2330,789.00,792.00,783.00,783.00,40567580.00,31925988285.00
2024-04-09,2330,795.00,820.00,792.00,819.00,61642573.00,49946542596.00
2024-04-10,2330,815.00,819.00,810.00,815.00,31109466.00,25358780514.00
2024-04-11,2330,811.00,820.00,811.00,820.00,27772972.00,22655121636.00
2024-04-12,2330,823.00,826.00,817.00,818.00,32473155.00,26663806808.00
2024-04-15,2330,804.00,812.00,803.00,806.00,41251141.00,33300372097.00
2024-04-16,2330,802.00,803.00,785.00,788.00,54120813.00,42833069476.00
2024-04-17,2330,798.00,808.00,793.00,804.00,36616351.00,29324186091.00
2024-04-18,2330,796.00,810.00,792.00,804.00,45765617.00,36684269610.00
2024-04-19,2330,769.00,770.00,746.00,750.00,143868560.00,109032970933.00
2024-04-22,2330,740.00,757.00,740.00,742.00,52354944.00,39093628250.00
2024-04-23,2330,761.00,761.00,752.00,754.00,32067682.00,24247217869.00
2024-04-24,2330,770.00,785.00,769.00,783.00,41652749.00,32458429294.00
2024-04-25,2330,770.00,774.00,765.00,766.00,30492037.00,23412746667.00
2024-04-26,2330,788.00,789.00,782.00,782.00,34721905.00,27272338208.00
2024-04-29,2330,790.00,795.00,787.00,795.00,30704200.00,24322394064.00
2024-04-30,2330,797.00,802.00,790.00,790.00,41627249.00,33118845170.00
2024-05-02,2330,789.00,789.00,772.00,772.00,47536363.00,36983047647.00
2024-05-03,2330,788.00,788.00,773.00,780.00,31026748.00,24240817990.00
2024-05-06,2330,791.00,793.00,786.00,786.00,33733509.00,26644713164.00
2024-05-07,2330,797.00,800.00,792.00,800.00,35917824.00,28623349239.00
2024-05-08,2330,794.00,802.00,792.00,802.00,22585765.00,18032263877.00
2024-05-09,2330,798.00,802.00,796.00,796.00,22863681.00,18267303103.00
2024-05-10,2330,803.00,807.00,798.00,802.00,27560431.00,22107595449.00
2024-05-13,2330,823.00,825.00,818.00,819.00,38146948.00,31315059679.00
2024-05-14,2330,816.00,825.00,811.00,825.00,29663617.00,24309306615.00
2024-05-15,2330,838.00,844.00,837.00,839.00,41805778.00,35112739055.00
2024-05-16,2330,852.00,856.00,837.00,841.00,46276890.00,39179826883.00
2024-05-17,2330,848.00,848.00,834.00,835.00,27855719.00,23373478247.00
2024-05-20,2330,834.00,838.00,822.00,835.00,30148330.00,25069342221.00
2024-05-21,2330,830.00,841.00,830.00,841.00,20548110.00,17214095315.00
2024-05-22,2330,845.00,865.00,843.00,864.00,40904357.00,35027824713.00
2024-05-23,2330,875.00,877.00,867.00,875.00,40771207.00,35638205695.00
2024-05-24,2330,858.00,872.00,858.00,867.00,37353467.00,32358555678.00
2024-05-27,2330,872.00,878.00,866.00,869.00,32691921.00,28496096179.00
2024-05-28,2330,867.00,873.00,865.00,865.00,32712504.00,28375286215.00
2024-05-29,2330,861.00,868.00,856.00,857.00,51073346.00,43924367680.00
2024-05-30,2330,841.00,848.00,838.00,838.00,42535118.00,35840589611.00
2024-05-31,2330,838.00,846.00,821.00,821.00,90177283.00,74602358441.00
2024-06-03,2330,839.00,853.00,837.00,846.00,29629706.00,25053781742.00
2024-06-04,2330,844.00,851.00,837.00,839.00,31031104.00,26107162214.00
2024-06-05,2330,841.00,857.00,835.00,854.00,37531781.00,31774150536.00
2024-06-06,2330,893.00,899.00,885.00,894.00,67300344.00,60138015941.00
2024-06-07,2330,885.00,888.00,879.00,879.00,44489018.00,39240336617.00
2024-06-11,2330,892.00,895.00,883.00,883.00,57435637.00,51091497348.00
2024-06-12,2330,888.00,914.00,888.00,909.00,51874967.00,46791431521.00
2024-06-13,2330,923.00,935.00,911.00,919.00,59656092.00,54980784829.00
2024-06-14,2330,916.00,922.00,905.00,922.00,43289572.00,39603293460.00
2024-06-17,2330,913.00,925.00,913.00,921.00,28796529.00,26475733502.00
2024-06-18,2330,944.00,950.00,940.00,943.00,40870419.00,38583515635.00
2024-06-19,2330,953.00,984.00,953.00,981.00,76684138.00,74395758883.00
2024-06-20,2330,971.00,981.00,971.00,981.00,52144900.00,50859632569.00
2024-06-21,2330,961.00,978.00,960.00,970.00,97995843.00,94882220706.00
2024-06-24,2330,958.00,960.00,940.00,940.00,74081708.00,70162177693.00
2024-06-25,2330,925.00,945.00,923.00,945.00,62079701.00,57978440842.00
2024-06-26,2330,951.00,960.00,951.00,960.00,48821135.00,46668874056.00
2024-06-27,2330,951.00,961.00,949.00,960.00,41276086.00,39447006518.00
2024-06-28,2330,956.00,971.00,955.00,966.00,42998776.00,41476565443.00
2024-07-01,2330,968.00,977.00,965.00,968.00,20936005.00,20320957284.00
2024-07-02,2330,967.00,971.00,959.00,960.00,27992930.00,26971516491.00
2024-07-03,2330,976.00,979.00,967.00,979.00,25022531.00,24386705873.00
2024-07-04,2330,1000.00,1010.00,997.00,1005.00,47251502.00,47347126144.00
2024-07-05,2330,1005.00,1010.00,1000.00,1005.00,21735614.00,21827958195.00
2024-07-08,2330,1005.00,1050.00,1000.00,1035.00,45678332.00,47210175550.00
2024-07-09,2330,1030.00,1055.00,1025.00,1040.00,54339957.00,56382512235.00
2024-07-10,2330,1020.00,1050.00,1015.00,1045.00,51810372.00,53308027550.00
2024-07-11,2330,1065.00,1080.00,1055.00,1080.00,49304453.00,52782475514.00
2024-07-12,2330,1030.00,1045.00,1025.00,1040.00,79472761.00,82222185037.00
2024-07-15,2330,1040.00,1045.00,1025.00,1040.00,44123104.00,45805242410.00
2024-07-16,2330,1040.00,1070.00,1035.00,1055.00,36244442.00,38188299315.00
2024-07-17,2330,1035.00,1045.00,1020.00,1030.00,62390596.00,64372740657.00
2024-07-18,2330,988.00,1005.00,986.00,1005.00,94327431.00,93948039256.00
2024-07-19,2330,988.00,995.00,970.00,970.00,110541544.00,108678133437.00
2024-07-22,2330,964.00,965.00,938.00,939.00,90266550.00,85567920175.00
2024-07-23,2330,963.00,979.00,956.00,979.00,53439290.00,51686291065.00
2024-07-26,2330,915.00,930.00,915.00,924.00,95625050.00,88299582909.00
2024-07-29,2330,942.00,948.00,936.00,944.00,44000914.00,41481319942.00
2024-07-30,2330,930.00,949.00,926.00,940.00,45996400.00,42988422577.00
2024-07-31,2330,929.00,940.00,928.00,934.00,47407263.00,44270020990.00
2024-08-01,2330,969.00,969.00,948.00,960.00,50257642.00,48211390158.00
2024-08-02,2330,918.00,928.00,903.00,903.00,89044852.00,81488499047.00
2024-08-05,2330,852.00,857.00,813.00,815.00,159662795.00,133482646539.00
2024-08-06,2330,868.00,895.00,840.00,880.00,108521787.00,94271532567.00
2024-08-07,2330,901.00,920.00,893.00,920.00,62643163.00,56900026373.00
2024-08-08,2330,901.00,905.00,887.00,896.00,41288222.00,37045507217.00
2024-08-09,2330,927.00,934.00,922.00,934.00,54464183.00,50586946042.00
2024-08-12,2330,942.00,948.00,931.00,940.00,40968742.00,38572439136.00
2024-08-13,2330,945.00,945.00,937.00,941.00,26831364.00,25227760336.00
2024-08-14,2330,951.00,955.00,945.00,948.00,40527779.00,38507151446.00
2024-08-15,2330,945.00,950.00,941.00,943.00,21714163.00,20528538286.00
2024-08-16,2330,963.00,969.00,958.00,969.00,49830670.00,48022581452.00
2024-08-19,2330,969.00,975.00,964.00,973.00,22416274.00,21737948903.00
2024-08-20,2330,977.00,977.00,968.00,973.00,26420625.00,25701355510.00
2024-08-21,2330,961.00,964.00,956.00,958.00,32606816.00,31287150192.00
2024-08-22,2330,958.00,964.00,948.00,951.00,25850379.00,24661701935.00
2024-08-23,2330,944.00,952.00,939.00,949.00,31203321.00,29530574857.00
2024-08-26,2330,957.00,961.00,945.00,950.00,26518126.00,25271527066.00
2024-08-27,2330,945.00,946.00,940.00,942.00,19969925.00,18819208932.00
2024-08-28,2330,945.00,964.00,943.00,964.00,33519083.00,31994192847.00
2024-08-29,2330,942.00,947.00,937.00,943.00,46275772.00,43616354135.00
2024-08-30,2330,944.00,952.00,941.00,944.00,75533393.00,71355905880.00
